Genre,Podcast,Image
Arts,The Magnus Archives,https://i.scdn.co/image/ab67656300005f1f9293c043dd656fbd79033f88
Arts,The Moth,https://i.scdn.co/image/ab67656300005f1ffcccbf35f3cb497ca660b87d
Arts,ASMR by Gibi for Sleep and Relaxation,https://i.scdn.co/image/ab67656300005f1faaaec8e158bad479829e2ead
Arts,Fresh Air,https://i.scdn.co/image/ab67656300005f1f069da8b00fc25043d744243d
Arts,Tetragrammaton with Rick Rubin,https://i.scdn.co/image/ab67656300005f1f5e29b7d016e92630de9ed66d
Arts,99% Invisible,https://i.scdn.co/image/ab67656300005f1f00b95bc0ab428eef539426ba
Arts,Spooked,https://i.scdn.co/image/ab67656300005f1f5c75c952e1a6d454722537ff
Arts,Fantasy Fangirls,https://i.scdn.co/image/ab67656300005f1f904d2fb9986f5c5d2a63af80
Arts,Airrack,https://i.scdn.co/image/ab67656300005f1f64e79acce49695b34047c68e
Arts,The Jimmy Dore Show,https://i.scdn.co/image/ab67656300005f1f0af7b2b0aff6f2404b134709
Arts,AudioBook Listners,https://i.scdn.co/image/ab67656300005f1f95cbbc7808084b28420682a3
Arts,Fashion Neurosis with Bella Freud,https://i.scdn.co/image/ab67656300005f1f8b5c6cfe618ecda491c6aa62
Arts,The Emerald,https://i.scdn.co/image/ab67656300005f1fd65fb7375f1c1420076314ab
Arts,WinterXD's Return (WinterXD 4),https://i.scdn.co/image/ab67656300005f1f6bbe8b51749d86e27b9e8714
Arts,The Audiobook Club with John York,https://i.scdn.co/image/ab67656300005f1f04c5aa9b65862f8e738497ae
Arts,Naked Beauty,https://i.scdn.co/image/ab67656300005f1f9a17e36df953b7d1a5e7197a
Arts,Solicited Advice with Alison Roman,https://i.scdn.co/image/ab67656300005f1fcabbdcaa5ba9f44a41f8bfc7
Arts,The Recipe with Kenji and Deb,https://i.scdn.co/image/ab67656300005f1fcf5b7a17cbf5157585bb5bb4
Arts,Gastropod,https://i.scdn.co/image/ab67656300005f1f49d4ee52e8e9d09e4678196b
Arts,Something Scary,https://i.scdn.co/image/ab67656300005f1f0ace74d94173d67363467b82
Arts,audiobooks üìö,https://i.scdn.co/image/ab67656300005f1ffeaf61b043b1dbe2b4d5db9f
Arts,Angel's bookshelf,https://i.scdn.co/image/ab67656300005f1ff30c7566594ca4086b396351
Arts,The summer I turned pretty audiobook,https://i.scdn.co/image/ab67656300005f1f9781694ca06f0c9965d38a73
Arts,Goostarion's CDs,https://i.scdn.co/image/ab67656300005f1f930f57d4974360da4ba5a9d4
Arts,Annamarie Forcino,https://i.scdn.co/image/ab67656300005f1f0069b7408d43f4dbc1f7b067
Arts,LeVar Burton Reads,https://i.scdn.co/image/ab67656300005f1f4086ec3c56c21df64ccc9f82
Arts,Snap Judgment,https://i.scdn.co/image/ab67656300005f1f513530c93e5722ae3ed1ee37
Arts,Classic Audiobook Collection,https://i.scdn.co/image/ab67656300005f1fe377566ba3aa4a37bbc70049
Arts,True scary stories 2,https://i.scdn.co/image/ab67656300005f1f11bb5689ae73d12c512f6600
Arts,Myths and Legends,https://i.scdn.co/image/ab67656300005f1f2a538dd64ed7c92cb8f84ee2
Arts,Becoming an Artist,https://i.scdn.co/image/ab67656300005f1f5ff607c8a9b78eddc5d1f1b4
Arts,Pastora Yesenia Then,https://i.scdn.co/image/ab67656300005f1f468a4666ce7520bf749b0447
Arts,Manacled Audiobook | Audio Dinos + Audiobook Warriors,https://i.scdn.co/image/ab67656300005f1fef9ad8355b1740b89e2eb9b3
Arts,stella uploads stuff,https://i.scdn.co/image/ab67656300005f1f0aa620dcb0276e2a70f94a72
Arts,HopeScope on Spotify: 2.0!,https://i.scdn.co/image/ab67656300005f1f6ae421ade1e36c2b3a5386cb
Arts,Percy Jackson and the Tales of Olympus,https://i.scdn.co/image/ab67656300005f1f073dd62042eabb7c53259e84
Arts,True scary stories,https://i.scdn.co/image/ab67656300005f1f2e1c3932da87e832f61eebdd
Arts,audiobooks,https://i.scdn.co/image/ab67656300005f1fa02eb36a337e8502d15fb623
Arts,Lipstick on the Rim,https://i.scdn.co/image/ab67656300005f1f5333870281e493db8402d9aa
Arts,Ryers Readers,https://i.scdn.co/image/ab67656300005f1f90c00e4e953fb8e4c6764493
Arts,The Jeselnik & Rosenthal Vanity Project,https://i.scdn.co/image/ab67656300005f1f939c22bbaf4fa2ec71db9857
Arts,MrCreepyPasta's Storytime,https://i.scdn.co/image/ab67656300005f1fc8b09e56822874b22c7d88f9
Arts,Poetry Unbound,https://i.scdn.co/image/ab67656300005f1f640ab00b0753c409991aac35
Arts,Breaking Bread with Tom Papa,https://i.scdn.co/image/ab67656300005f1f96478c573adb6413f180d2a1
Arts,Twenty Thousand Hertz,https://i.scdn.co/image/ab67656300005f1f3e1c8b9184ccbd00bdebc84c
Arts,Bob Ross - The Joy of Painting,https://i.scdn.co/image/ab67656300005f1fd387cf33f557318510772a76
Arts,A Hot Dog Is a Sandwich,https://i.scdn.co/image/ab67656300005f1f97b60adb08b101e1077b0109
Arts,Anigomi,https://i.scdn.co/image/ab67656300005f1f434ffb71be8b6f6b33e16900
Arts,The Cutting Room Floor,https://i.scdn.co/image/ab67656300005f1ffe605e22212db8bc55791e5b
Arts,Articles of Interest,https://i.scdn.co/image/ab67656300005f1fa7207f0495770d31024d9dc7
Business,The Diary Of A CEO with Steven Bartlett,https://i.scdn.co/image/ab67656300005f1ff82cef9bcb8430f86a8ed8e0
Business,PBD Podcast,https://i.scdn.co/image/ab67656300005f1f9fce51889e98c633e84fda60
Business,Morning Brew Daily,https://i.scdn.co/image/ab67656300005f1f6d79abd250187cb8c9fb2be3
Business,Young and Profiting (YAP) with Hala Taha,https://i.scdn.co/image/ab67656300005f1fb4e385451ff86d020305bbde
Business,The Ramsey Show,https://i.scdn.co/image/ab67656300005f1f6b115f756d037f8aa09a1e08
Business,The Prof G Pod with Scott Galloway,https://i.scdn.co/image/ab67656300005f1f2f9e36d15a95c976a42f288b
Business,Financial Audit,https://i.scdn.co/image/ab67656300005f1fba945e0d7cce7ae5b87d49d0
Business,Rich Habits Podcast,https://i.scdn.co/image/ab67656300005f1f04c77fb7712d19fc8b26ae61
Business,Financial Feminist,https://i.scdn.co/image/ab67656300005f1fc16547be8e361d27c6fa279a
Business,The Game w/ Alex Hormozi,https://i.scdn.co/image/ab67656300005f1fd2acafdbda7edd5056d830a2
Business,Money Rehab with Nicole Lapin,https://i.scdn.co/image/ab67656300005f1f11f1408428813d34aef35c70
Business,Jocko Podcast,https://i.scdn.co/image/ab67656300005f1f0537dba138113eef7649f3d8
Business,Planet Money,https://i.scdn.co/image/ab67656300005f1ff9375da3bed62ebd32389394
Business,Motley Fool Money,https://i.scdn.co/image/ab67656300005f1fcb26c7407c729c12761a0c28
Business,REAL AF with Andy Frisella,https://i.scdn.co/image/ab67656300005f1f4325cf1d35f33abc1abb318b
Business,Prof G Markets,https://i.scdn.co/image/ab67656300005f1fdd05ead2e28ab39777a27467
Business,The Best Idea Yet,https://i.scdn.co/image/ab67656300005f1f00a2a2125d2f5e266fa83ca3
Business,How I Built This with Guy Raz,https://i.scdn.co/image/ab67656300005f1f7766e182b12fd85537d3b776
Business,Money Guy Show,https://i.scdn.co/image/ab67656300005f1f9fa51a1c26a62a1aa598a473
Business,Think Fast Talk Smart: Communication Techniques,https://i.scdn.co/image/ab67656300005f1f19dd20ccc64d3315af359fbb
Business,Networth and Chill with Your Rich BFF,https://i.scdn.co/image/ab67656300005f1f85adb0325ff6a68091b5f933
Business,Marketplace,https://i.scdn.co/image/ab67656300005f1f17709969adb73b991dfdaf60
Business,A Bit of Optimism,https://i.scdn.co/image/ab67656300005f1f7199d203c953d8440abe21c7
Business,The Economics of Everyday Things,https://i.scdn.co/image/ab67656300005f1fe49016c1e59867ab4b2eb4e4
Business,BiggerPockets Real Estate Podcast,https://i.scdn.co/image/ab67656300005f1f36c86a11147ff914f4f965bc
Business,Raoul Pal: The Journey Man,https://i.scdn.co/image/ab67656300005f1f6753bf4e64c3ce118afee583
Business,Daily Stock Market News,https://i.scdn.co/image/ab67656300005f1fd2d946d1b643c165226667f4
Business,Life Wide Open with CboysTV,https://i.scdn.co/image/ab67656300005f1fe916211f8a9e6ece35ba5414
Business,Thee Millennial Management Podcast,https://i.scdn.co/image/ab67656300005f1f18826358c5fa724e59c11a33
Business,The Tim Ferriss Show,https://i.scdn.co/image/ab67656300005f1faebf288621ea86c79d44f12f
Business,My First Million,https://i.scdn.co/image/ab67656300005f1fb8bc00dfdc4032e0d18074fb
Business,The Money with Katie Show,https://i.scdn.co/image/ab67656300005f1f4cea358ae5e24de095e4d916
Business,Founders,https://i.scdn.co/image/ab67656300005f1f255b58c8e78e6361daf51126
Business,The Personal Finance Podcast,https://i.scdn.co/image/ab67656300005f1fa40ad0057c969b12e6d18972
Business,The Indicator from Planet Money,https://i.scdn.co/image/ab67656300005f1f73435d15bbc858961001f366
Business,Odd Lots,https://i.scdn.co/image/ab67656300005f1f77e76ef980ccf6174ff80c42
Business,The Compound and Friends,https://i.scdn.co/image/ab67656300005f1f7b62c84c7d281df57f9c0c7c
Business,BigDeal,https://i.scdn.co/image/ab67656300005f1f127d4edd026798d15c4a4312
Business,Goldman Sachs The Markets,https://i.scdn.co/image/ab67656300005f1ff9064c83618117d6e5acde3e
Business,Crypto Trends Podcast,https://i.scdn.co/image/ab67656300005f1f3989d6d5988574347126c0ef
Business,The Iced Coffee Hour,https://i.scdn.co/image/ab67656300005f1f554e53ceef067ee43d78b5d0
Business,Build with Leila Hormozi,https://i.scdn.co/image/ab67656300005f1f0a80d154be2d23ff28fe1ede
Business,Girls That Invest,https://i.scdn.co/image/ab67656300005f1f30dafcb386f5d9600f4e11a1
Business,Craig Groeschel Leadership Podcast,https://i.scdn.co/image/ab67656300005f1f9c510caad581bab141eb0c64
Business,Goldman Sachs Exchanges,https://i.scdn.co/image/ab67656300005f1f957c496f7d284ee2b8306382
Business,Money For Couples with Ramit Sethi,https://i.scdn.co/image/ab67656300005f1fc18780d38301607a7d87aeeb
Business,Naval,https://i.scdn.co/image/ab67656300005f1f01bdf82ef057b1261b3cad0f
Business,The Minority Mindset Show,https://i.scdn.co/image/ab67656300005f1fe67af24df24719dfbeed3f30
Business,Capital Allocators ‚Äì Inside the Institutional Investment Industry,https://i.scdn.co/image/ab67656300005f1f66bb6cdae311c447807ce399
Business,The Boostly Podcast,https://i.scdn.co/image/ab67656300005f1ff90cb23fd931d744e33bb6c1
Comedy,The Joe Rogan Experience,https://i.scdn.co/image/ab67656300005f1f94dc3b5af1868137c5f43f3e
Comedy,ChainsFR On Spotify,https://i.scdn.co/image/ab67656300005f1fea0791601181e0f65f9967c6
Comedy,This Past Weekend w/ Theo Von,https://i.scdn.co/image/ab67656300005f1f3c4685e830e0ce8b0597e6aa
Comedy,The LOL Podcast,https://i.scdn.co/image/ab67656300005f1fcc977e5e0dabc9ff49d2d09b
Comedy,Not Gonna Lie with Kylie Kelce,https://i.scdn.co/image/ab67656300005f1ff1342af309c6084ccb4dcf5f
Comedy,Bad Friends,https://i.scdn.co/image/ab67656300005f1f4d4858a8dd6b52243a5c4879
Comedy,Call Her Daddy,https://i.scdn.co/image/ab67656300005f1f7ce65331d842046e8bde0c7e
Comedy,The Weekly Show with Jon Stewart,https://i.scdn.co/image/ab67656300005f1f89ec32d2e3d5c4bcff2b1cf7
Comedy,Distractible,https://i.scdn.co/image/ab67656300005f1f174aae6ebdbcffdc3220201a
Comedy,Matt and Shane's Secret Podcast,https://i.scdn.co/image/ab67656300005f1f0e6812a287cd1f89c0c07d8a
Comedy,Smosh Reads Reddit Stories,https://i.scdn.co/image/ab67656300005f1fe6ae4df6db671cac4537f780
Comedy,KILL TONY,https://i.scdn.co/image/ab67656300005f1f644a745690f66a5e84bc89e9
Comedy,Duncanyounot,https://i.scdn.co/image/ab67656300005f1ffa34a095020f3101770f439c
Comedy,Ryth,https://i.scdn.co/image/ab67656300005f1f81871128288d6e43c2b34f23
Comedy,SmartLess,https://i.scdn.co/image/ab67656300005f1f4f46d57e0862671f8b123097
Comedy,The Basement Yard,https://i.scdn.co/image/ab67656300005f1f8e528314adcd9f840b6115cd
Comedy,"2 Bears, 1 Cave with Tom Segura & Bert Kreischer",https://i.scdn.co/image/ab67656300005f1f66197e3d35279a4a8e262717
Comedy,Armchair Expert with Dax Shepard,https://i.scdn.co/image/ab67656300005f1f565f08d18a774b4cef8a4f79
Comedy,The Tim Dillon Show,https://i.scdn.co/image/ab67656300005f1f50ebb972ccabb4884a3dc08b
Comedy,pierson,https://i.scdn.co/image/ab67656300005f1f68a42e86a874952a5897c164
Comedy,The Commercial Break,https://i.scdn.co/image/ab67656300005f1fb31f9fddb94328f9fdf21567
Comedy,The Church of What's Happening Now: The New Testament,https://i.scdn.co/image/ab67656300005f1fb2f92080a5a862eb0aae45c9
Comedy,Giggly Squad,https://i.scdn.co/image/ab67656300005f1fd4c218856fdf424bca999c8a
Comedy,Therapuss with Jake Shane,https://i.scdn.co/image/ab67656300005f1f33c4cfca49f491c5be730a21
Comedy,Brooke and Jeffrey: Second Date Update,https://i.scdn.co/image/ab67656300005f1fc5ce4ceb52500b76ddd67aba
Comedy,Julian Dorey Podcast,https://i.scdn.co/image/ab67656300005f1fcafec07e727346e4a28780f5
Comedy,Las Alucines,https://i.scdn.co/image/ab67656300005f1f535eb83c73e6b7750bd8817b
Comedy,Wiser Than Me with Julia Louis-Dreyfus,https://i.scdn.co/image/ab67656300005f1f768080ddbbb0afd00c60a2e0
Comedy,The Broski Report with Brittany Broski,https://i.scdn.co/image/ab67656300005f1fb57e6e19be8b4e50beef9e12
Comedy,Unspeakable,https://i.scdn.co/image/ab67656300005f1ff1c25968e6d8a2aac3b1c86d
Comedy,CHEERS! with Avery Woods,https://i.scdn.co/image/ab67656300005f1f43b48d70ce4b8151d71d101d
Comedy,Normal Gossip,https://i.scdn.co/image/ab67656300005f1fadbebaee7fb5c66927934f0b
Comedy,The FatFish Podcast,https://i.scdn.co/image/ab67656300005f1f62a2762b9918c822a0bf2ff8
Comedy,Two Hot Takes,https://i.scdn.co/image/ab67656300005f1f9d145a1447e2946e2bc09e3c
Comedy,The Toast,https://i.scdn.co/image/ab67656300005f1f45ad3eac04b26659cc81a8b7
Comedy,So True with Caleb Hearon,https://i.scdn.co/image/ab67656300005f1f08a4a9416162a811e3b32b66
Comedy,You Should Know Podcast,https://i.scdn.co/image/ab67656300005f1fd1141f8d72969bcf1ded89ad
Comedy,Las Culturistas with Matt Rogers and Bowen Yang,https://i.scdn.co/image/ab67656300005f1f512272602cbe7d967104b75a
Comedy,Ninjas Are Butterflies,https://i.scdn.co/image/ab67656300005f1f668c069a84090e85ae4a3b9f
Comedy,Unsubscribe Podcast,https://i.scdn.co/image/ab67656300005f1f36879ad27a2db2cbf5092605
Comedy,Dumb Blonde,https://i.scdn.co/image/ab67656300005f1f0c607322444d1da741cd1090
Comedy,Conan O‚ÄôBrien Needs A Friend,https://i.scdn.co/image/ab67656300005f1f78296749ead455789788703f
Comedy,History Hyenas with Chris Distefano and Yannis Pappas,https://i.scdn.co/image/ab67656300005f1f7bbd375a4386d142e7f3e5a0
Comedy,"BFFs with Dave Portnoy, Josh Richards, and Brianna Chickenfry",https://i.scdn.co/image/ab67656300005f1fc2d398095ed45b403ecf73ab
Comedy,The Bald and the Beautiful with Trixie and Katya,https://i.scdn.co/image/ab67656300005f1f5b96e815ed633cd488b5a678
Comedy,Andrew Schulz's Flagrant with Akaash Singh,https://i.scdn.co/image/ab67656300005f1f035afb38bc101da1ae60a259
Comedy,We're Here to Help,https://i.scdn.co/image/ab67656300005f1f26dd40d93d25a0e50dc8a60e
Comedy,Petty POV with Charlotte Dobre,https://i.scdn.co/image/ab67656300005f1f4bb1c2ebdb17e19946558c12
Comedy,Talk Tuah with Haliey Welch,https://i.scdn.co/image/ab67656300005f1f148584ae3394bf46776396a4
Comedy,Burdie Stories,https://i.scdn.co/image/ab67656300005f1f883e32f91caf84a18654f8a3
Education,The Mel Robbins Podcast,https://i.scdn.co/image/ab67656300005f1fc24d59176a21d4cc050b0615
Education,The Jordan B. Peterson Podcast,https://i.scdn.co/image/ab67656300005f1f395fcd4824717ae0cf786506
Education,Digital Social Hour,https://i.scdn.co/image/ab67656300005f1f2f8c1294174b051a2d8feb6d
Education,anything goes with emma chamberlain,https://i.scdn.co/image/ab67656300005f1f86dc02872be623a4a7a23a58
Education,TED Talks Daily,https://i.scdn.co/image/ab67656300005f1fdb99e41a70113b12c819d8a0
Education,The Wizard Liz,https://i.scdn.co/image/ab67656300005f1fc7e91546d747ac3ecdcba953
Education,The Subtle Art of Not Giving a F*ck Podcast,https://i.scdn.co/image/ab67656300005f1f2bb73178c1b3b254a7ae4bdc
Education,Motivation Daily by Motiversity,https://i.scdn.co/image/ab67656300005f1f132579598f5357289e616768
Education,UNBIASED,https://i.scdn.co/image/ab67656300005f1fbed30364985e84b88a23d686
Education,The Jefferson Fisher Podcast,https://i.scdn.co/image/ab67656300005f1fa3f3618d114b6164508119fc
Education,The Daily Stoic,https://i.scdn.co/image/ab67656300005f1f8488dbb4b623f432a3b6a673
Education,The Resilient Mind,https://i.scdn.co/image/ab67656300005f1f25d31bb76ab9aaeb8a6cf95c
Education,The Rich Roll Podcast,https://i.scdn.co/image/ab67656300005f1fa0a3d222be2673398d1319b1
Education,ICUedu,https://i.scdn.co/image/ab67656300005f1f5426e2879f4b048a6a235e5e
Education,The Sabrina Zohar Show,https://i.scdn.co/image/ab67656300005f1fee282629fc8d6e142d63f39b
Education,BEING HER with Margarita Nazarenko,https://i.scdn.co/image/ab67656300005f1fbb7f762d14d7de477377b3ff
Education,Immersive Spanish,https://i.scdn.co/image/ab67656300005f1f8bd37fc0ccf0885580457c50
Education,Aware & Aggravated,https://i.scdn.co/image/ab67656300005f1f1b15717f2e7fc9f4c96a8297
Education,THE WWE SLAMMAS,https://i.scdn.co/image/ab67656300005f1f9d56f9b29dab7a5ea32ee54e
Education,The Positive Mindset Podcast,https://i.scdn.co/image/ab67656300005f1f5e3baa68c0bed0ae4c98f7ac
Education,Here's Where It Gets Interesting,https://i.scdn.co/image/ab67656300005f1f43a2774c5541b8625dcf912a
Education,Hot Girl Energy Podcast,https://i.scdn.co/image/ab67656300005f1f353fa367e1db4f487c8802de
Education,Life Kit,https://i.scdn.co/image/ab67656300005f1ffa1a1f6c7007e5c897c37f6b
Education,20 Minute Books,https://i.scdn.co/image/ab67656300005f1f6b86a34334126c283a5113d8
Education,Dry Creek Wrangler Podcast,https://i.scdn.co/image/ab67656300005f1f3d62835cc9f4c7d50335d082
Education,The Skinny Confidential Him & Her Podcast,https://i.scdn.co/image/ab67656300005f1fed8b379a89c5224f2c23ff7d
Education,Duolingo Spanish Podcast,https://i.scdn.co/image/ab67656300005f1fa2b45eed96996e211c1398bc
Education,Coffee Break Spanish,https://i.scdn.co/image/ab67656300005f1f429d2033ece72cf143973cc8
Education,4biddenknowledge Podcast,https://i.scdn.co/image/ab67656300005f1f1aea8e2861c976f8f9e3e4a3
Education,"Busy, Yet Pretty",https://i.scdn.co/image/ab67656300005f1f2dc137ff84e1b986122130fa
Education,Coffee Break French,https://i.scdn.co/image/ab67656300005f1f78ab951884e54ddcbb56c3a1
Education,Mark K Lectures,https://i.scdn.co/image/ab67656300005f1f39f44566e3ebbfe3a7c9591c
Education,THE ED MYLETT SHOW,https://i.scdn.co/image/ab67656300005f1fc894c0dbb258bfdbde8ef25e
Education,The Tony Robbins Podcast,https://i.scdn.co/image/ab67656300005f1facb78d18810931f358f512cd
Education,The Deep End w/Taylor Welch,https://i.scdn.co/image/ab67656300005f1fd7f992832d4590ad4409fb6a
Education,Weekly Motivation by Ben Lionel Scott,https://i.scdn.co/image/ab67656300005f1fa0f96d9823ef0bcc46c9cec8
Education,Amala Ekpunobi,https://i.scdn.co/image/ab67656300005f1f622c3c6635cd1f2edca3f1c7
Education,Know Thyself,https://i.scdn.co/image/ab67656300005f1f04cecfc8c597a61efd592c5b
Education,Ingl√©s Pa Mi Gente,https://i.scdn.co/image/ab67656300005f1f0123fb336b1e98e1d017cd13
Education,Learn Japanese with Masa sensei!,https://i.scdn.co/image/ab67656300005f1fdf7f3cb7c9be374a17c092f7
Education,"Mientras respires, est√°s a tiempo.",https://i.scdn.co/image/ab67656300005f1f2509b012339ffc8dfac53c35
Education,Japanese podcast for beginners (Nihongo con Teppei),https://i.scdn.co/image/ab67656300005f1f8354acc6f6514724043a4233
Education,Anatomy and Physiology - Bit by Bit,https://i.scdn.co/image/ab67656300005f1f43c456bf9e46793575c903ab
Education,Tu Desarrollo Personal,https://i.scdn.co/image/ab67656300005f1ff65ba1309f89e91fcbff54c0
Education,ñ¶π ‚ãÖÀö‚Çä‚Äß ‡≠® Canned Goods .·êü ‡≠ß ‚Äß‚ÇäÀö ‚ãÖ ñ¶π (NSFW Audios),https://i.scdn.co/image/ab67656300005f1f95af955f8562ac828222081b
Education,Be Smart Play Dumb,https://i.scdn.co/image/ab67656300005f1f50db3817a974609c7b359e0a
Education,LearnCraft Spanish,https://i.scdn.co/image/ab67656300005f1ff44d44abfb295ed0d6eb0ef8
Education,Listening Time: English Practice,https://i.scdn.co/image/ab67656300005f1fc0fe1cb83b05bc1f078b79ec
Education,Duolingo French Podcast,https://i.scdn.co/image/ab67656300005f1f6c3e7ae7e6343bfbd02ae49f
Education,Purely Being Guided Meditations,https://i.scdn.co/image/ab67656300005f1fef97c891fc0a1abe5918c0eb
Fiction,MSA previously My Story Animated,https://i.scdn.co/image/ab67656300005f1fb03c307434e46f0c71d73087
Fiction,Dhar Mann,https://i.scdn.co/image/ab67656300005f1fad2d7a55ea82839cf4891b9d
Fiction,Legends of Avantris,https://i.scdn.co/image/ab67656300005f1f7d39e0f607e7a2273464791b
Fiction,Batman Unburied: Fallen City,https://i.scdn.co/image/ab67656300005f1fe1de45887523273d786201b6
Fiction,Tower 4,https://i.scdn.co/image/ab67656300005f1fb6774ddd5c6de893a4c21ffe
Fiction,Hildy the Barback and the Lake of Fire,https://i.scdn.co/image/ab67656300005f1f3d7903aa99946de0ade4c12e
Fiction,Relatos de la Noche,https://i.scdn.co/image/ab67656300005f1f94387ecb07955e8ea7b2e1ed
Fiction,Scary Horror Stories by Dr. NoSleep,https://i.scdn.co/image/ab67656300005f1f47b5c09291ffdcf498dff971
Fiction,The Duck Stories,https://i.scdn.co/image/ab67656300005f1f12a7c6277fa766a32333810d
Fiction,Theplugkong,https://i.scdn.co/image/ab67656300005f1fed95c660608bb544f6221098
Fiction,Welcome to Night Vale,https://i.scdn.co/image/ab67656300005f1fd7c29d063d6823819e00d90b
Fiction,Beauty and The Tea,https://i.scdn.co/image/ab67656300005f1fa9d1f9d5696a950927ac53e0
Fiction,The SCP Experience,https://i.scdn.co/image/ab67656300005f1f3d9a4e8ebc2e6e6fdb8bd488
Fiction,EXTRA ANORMAL,https://i.scdn.co/image/ab67656300005f1f43a851415432dde5324e70ff
Fiction,Primal,https://i.scdn.co/image/ab67656300005f1f7cc1197f4b1430e7669de618
Fiction,HABLEMOS DE LO QUE NO EXISTE,https://i.scdn.co/image/ab67656300005f1f6898acc05ffafefae8ea3bcb
Fiction,Midnight Burger,https://i.scdn.co/image/ab67656300005f1fdf27c3b19c50f1c875888814
Fiction,Paranormal,https://i.scdn.co/image/ab67656300005f1ff8903b31797ef84ea810c0b5
Fiction,Six Minutes,https://i.scdn.co/image/ab67656300005f1fbeeaae19374bef24b92fcd0e
Fiction,Old Gods of Appalachia,https://i.scdn.co/image/ab67656300005f1f2645bffb86a9c9f4bf8b0fca
Fiction,Historias Embrujadas Podcast,https://i.scdn.co/image/ab67656300005f1fb4c13c432dfb58fe12158c14
Fiction,Sml (Every Time Sml Posts),https://i.scdn.co/image/ab67656300005f1ffe232c68c1e860ea271e3509
Fiction,How i Died,https://i.scdn.co/image/ab67656300005f1f26da8e8e1751a9532ea72c58
Fiction,Malevolent,https://i.scdn.co/image/ab67656300005f1f07a06522757bd8b41ab5a4f1
Fiction,As The Raven Dreams Podcast,https://i.scdn.co/image/ab67656300005f1f81dc5bb58f9965deec77596d
Fiction,Station 151,https://i.scdn.co/image/ab67656300005f1fd842736260ecdb0120f76aa3
Fiction,Elias The Caretaker,https://i.scdn.co/image/ab67656300005f1f6ee93a83d15da0a35a078877
Fiction,Lighthouse Horror Podcast,https://i.scdn.co/image/ab67656300005f1f9abf474ac25d4abb94365f7d
Fiction,The Antiquarium of Sinister Happenings,https://i.scdn.co/image/ab67656300005f1fb18c64b2ad00e454c8cb7657
Fiction,The NoSleep Podcast,https://i.scdn.co/image/ab67656300005f1fcecf3b53134ffccb27eb9b63
Fiction,Sherlock & Co.,https://i.scdn.co/image/ab67656300005f1facd4ee26bfa816d1117c81b4
Fiction,Worlds Beyond Number,https://i.scdn.co/image/ab67656300005f1f6343c3a47b32349555fff69a
Fiction,Layze,https://i.scdn.co/image/ab67656300005f1f2f484db2f9fee47804891710
Fiction,The Adventure Zone,https://i.scdn.co/image/ab67656300005f1fbf29d7183769fc14b8c0b3f4
Fiction,CreepsMcPasta Creepypasta Radio,https://i.scdn.co/image/ab67656300005f1f25278fe25295ac956e9944f8
Fiction,INSOMNIO,https://i.scdn.co/image/ab67656300005f1fc8fafc398fc3f85389fb2c1e
Fiction,After Dark,https://i.scdn.co/image/ab67656300005f1f43f3897aae54e6cf84d03f1f
Fiction,ATERRADOS,https://i.scdn.co/image/ab67656300005f1f922f9dcce8fb9f7d5653f2da
Fiction,DERELICT,https://i.scdn.co/image/ab67656300005f1f9ff775fb4311f53d4e9b9f72
Fiction,My Diary Animated,https://i.scdn.co/image/ab67656300005f1fc50ed3678c6a9ce502436973
Fiction,The White Vault,https://i.scdn.co/image/ab67656300005f1f4f53bfad83cb7bc95842b1af
Fiction,We're Alive,https://i.scdn.co/image/ab67656300005f1fa7de534fd97f0bf3225ed0c2
Fiction,A Christmas Carol,https://i.scdn.co/image/ab67656300005f1fe3e1802586d147a4310772a4
Fiction,End of All Hope,https://i.scdn.co/image/ab67656300005f1f8e53fec68a24814f23f55a60
Fiction,Creepscast,https://i.scdn.co/image/ab67656300005f1f7e45de500da4a84c89742ecd
Fiction,Mythology,https://i.scdn.co/image/ab67656300005f1fba5657438ac860e3c448c5cf
Fiction,Scare You To Sleep,https://i.scdn.co/image/ab67656300005f1ff760c536c01d8d9e006da382
Fiction,The Dark Somnium,https://i.scdn.co/image/ab67656300005f1f909d4af0ae757f4b53b5a2f8
Fiction,SCP Archives,https://i.scdn.co/image/ab67656300005f1f4c59c71dd4e398e87c15417b
Fiction,The Edge of Sleep,https://i.scdn.co/image/ab67656300005f1fcc81894d85264514788578a1
Health & Fitness,Huberman Lab,https://i.scdn.co/image/ab67656300005f1faa4830256e4b613f07287208
Health & Fitness,The Mindset Mentor,https://i.scdn.co/image/ab67656300005f1fec6a752096d016b435156145
Health & Fitness,On Purpose with Jay Shetty,https://i.scdn.co/image/ab67656300005f1f5fb5daaee522acf4307d98e2
Health & Fitness,Culture Apothecary with Alex Clark,https://i.scdn.co/image/ab67656300005f1f57b663f4217dff352616b19c
Health & Fitness,The Ultimate Human with Gary Brecka,https://i.scdn.co/image/ab67656300005f1fc4b1e016918275e3b8e2ba59
Health & Fitness,Sober Strength,https://i.scdn.co/image/ab67656300005f1f57472ca86f166e461a4fb79d
Health & Fitness,The Psychology of your 20s,https://i.scdn.co/image/ab67656300005f1f2f4a7d19dc0bbf18680227b5
Health & Fitness,The School of Greatness,https://i.scdn.co/image/ab67656300005f1fc17007bce624ac60be4e407d
Health & Fitness,Mind Pump: Raw Fitness Truth,https://i.scdn.co/image/ab67656300005f1faa721a454843231e710796bf
Health & Fitness,The Dr. John Delony Show,https://i.scdn.co/image/ab67656300005f1f9ca2d427c6742cf3af3b47e9
Health & Fitness,RFK Jr Podcast,https://i.scdn.co/image/ab67656300005f1f7c0bb1acde7e26be747a0fe8
Health & Fitness,10% Happier with Dan Harris,https://i.scdn.co/image/ab67656300005f1fb6e099bf209d26ab7c20ab1c
Health & Fitness,The Peter Attia Drive,https://i.scdn.co/image/ab67656300005f1f18d340f49db83ad1ec3020f0
Health & Fitness,Tony Mantor: Why Not Me the World,https://i.scdn.co/image/ab67656300005f1fd84e04ab73e8aa0d586e348f
Health & Fitness,We're All Insane,https://i.scdn.co/image/ab67656300005f1f8723df38e2218aebf533bbed
Health & Fitness,Maintenance Phase,https://i.scdn.co/image/ab67656300005f1fb24e61585e295154984d25d8
Health & Fitness,8 Hour Sleep Music,https://i.scdn.co/image/ab67656300005f1f1c0d6ac0cc044c2422f5657f
Health & Fitness,"The Doctor's Farmacy with Mark Hyman, M.D.",https://i.scdn.co/image/ab67656300005f1fb48ca812fcc9e08a1093bb1e
Health & Fitness,Pursuit of Wellness,https://i.scdn.co/image/ab67656300005f1fea3d5a75be0d6950a5836852
Health & Fitness,Nothing much happens: bedtime stories to help you sleep,https://i.scdn.co/image/ab67656300005f1fb4a155b93ac4000129af75fe
Health & Fitness,Change Your Brain Every Day,https://i.scdn.co/image/ab67656300005f1f65b34ae591ff98833fd0f9fe
Health & Fitness,HealthyGamerGG,https://i.scdn.co/image/ab67656300005f1f8b858908152193337f431ea1
Health & Fitness,El Podcast de Marian Rojas Estap√©,https://i.scdn.co/image/ab67656300005f1f7f8715b5cf97cb7ccea9922a
Health & Fitness,I Can‚Äôt Sleep,https://i.scdn.co/image/ab67656300005f1f770de1fdf8529386dad3c51b
Health & Fitness,LMNT,https://i.scdn.co/image/ab67656300005f1f06bcecc391fd049485575f2e
Health & Fitness,LLLL,https://i.scdn.co/image/ab67656300005f1f3a1d1c8420d88bbe57294771
Health & Fitness,The Nick Bare Podcast,https://i.scdn.co/image/ab67656300005f1fbf809ec21bc6132d3e2b5852
Health & Fitness,The Squeeze,https://i.scdn.co/image/ab67656300005f1fb7f9e53ddde7aeabe895c5d6
Health & Fitness,nekko's m4f cds,https://i.scdn.co/image/ab67656300005f1fd979826b3057b444ccbba12f
Health & Fitness,SHE MD,https://i.scdn.co/image/ab67656300005f1fc1b51d2ba8bbfa6f8e26f459
Health & Fitness,Therapy and Theology,https://i.scdn.co/image/ab67656300005f1fc9104a895e29ce094b7a1b70
Health & Fitness,Queer Story Time The Podcast,https://i.scdn.co/image/ab67656300005f1fdbc20011f2714d99c5d9db71
Health & Fitness,Keeping It Real: Conversations with Jillian Michaels,https://i.scdn.co/image/ab67656300005f1f45968ce9065bff9616601d8c
Health & Fitness,"Feel Better, Live More with Dr Rangan Chatterjee",https://i.scdn.co/image/ab67656300005f1ff5e7ae58ee57b56fdba21d19
Health & Fitness,Get Sleepy: Sleep meditation and stories,https://i.scdn.co/image/ab67656300005f1fdd11cc8cd78274286896e8db
Health & Fitness,Guided Sleep Meditation & Sleep Hypnosis from Sleep Cove,https://i.scdn.co/image/ab67656300005f1f3457650dab9be855a50c7333
Health & Fitness,ASMR Glow,https://i.scdn.co/image/ab67656300005f1f118fc2b2708d33e3e735975c
Health & Fitness,The Dr. Tyna Show,https://i.scdn.co/image/ab67656300005f1f4bb2b1e3518cbe5411fdfd5f
Health & Fitness,The Checkup with Doctor Mike,https://i.scdn.co/image/ab67656300005f1f7e62b8e8c1b116815ba8b3c2
Health & Fitness,My So-Called Midlife with Reshma Saujani,https://i.scdn.co/image/ab67656300005f1fec85eaceb8a3e5d798d0a8dd
Health & Fitness,Psychology Unplugged,https://i.scdn.co/image/ab67656300005f1f83a3fe48e462c1cdb8bc474b
Health & Fitness,Two Dykes And A Mic,https://i.scdn.co/image/ab67656300005f1f6b0ee8fc24ddf58b8c2bdb5a
Health & Fitness,RP Strength Podcast,https://i.scdn.co/image/ab67656300005f1f85aafb16c1832a512b4f2ac0
Health & Fitness,Grounded Wellness by Primally Pure,https://i.scdn.co/image/ab67656300005f1f6d18f8b2bee435cf3c66d9e6
Health & Fitness,Cameron Hanes - Keep Hammering Collective,https://i.scdn.co/image/ab67656300005f1fa12a01e31df9c3f49aa980ce
Health & Fitness,Critical Care Time,https://i.scdn.co/image/ab67656300005f1f679426e1d58f16490f84fcbe
Health & Fitness,The Dr. Gabrielle Lyon Show,https://i.scdn.co/image/ab67656300005f1ff49c09b1b0c4e1e790184d13
Health & Fitness,Los Hombre S√≠ Lloran,https://i.scdn.co/image/ab67656300005f1fa3f8c6d0c54711aa82d0c9f9
Health & Fitness,Balanced Black Girl,https://i.scdn.co/image/ab67656300005f1f68c3419c78b27ea980acb1ce
Health & Fitness,Being Well with Forrest Hanson and Dr. Rick Hanson,https://i.scdn.co/image/ab67656300005f1f4a6238d0d882c1ea0c4bc4dc
History,REDACTED: Declassified Mysteries with Luke Lamana,https://i.scdn.co/image/ab67656300005f1f86cefd3f1be098737cddec20
History,The Rest Is History,https://i.scdn.co/image/ab67656300005f1f053b0b90a2dcd86e3eaad82a
History,The Martyr Made Podcast,https://i.scdn.co/image/ab67656300005f1fe24ba7b5c07bbe9dbcf53def
History,Conspiracy Theories,https://i.scdn.co/image/ab67656300005f1f0352a717079c1ab5b9945e24
History,Dan Carlin's Hardcore History,https://i.scdn.co/image/ab67656300005f1f7c6cd58cabc70f9747a86441
History,History That Doesn't Suck,https://i.scdn.co/image/ab67656300005f1f6236a090786e066b4ba76303
History,Dark History,https://i.scdn.co/image/ab67656300005f1f650739bb72e9074e6d3df723
History,Forbidden History,https://i.scdn.co/image/ab67656300005f1f3d7df4872104b7f7e2bb822d
History,Short History Of...,https://i.scdn.co/image/ab67656300005f1f0d441935ba0e88db287b3b71
History,The Ancients,https://i.scdn.co/image/ab67656300005f1f6cad16866eb06278412696b8
History,Lore,https://i.scdn.co/image/ab67656300005f1ffd8c616c6de869c1aacbdaf0
History,The History of Rome,https://i.scdn.co/image/ab67656300005f1f49f755ed977b20638c13aa66
History,Fall of Civilizations Podcast,https://i.scdn.co/image/ab67656300005f1fb57c620d37399bb1ea5989b2
History,Real Survival Stories,https://i.scdn.co/image/ab67656300005f1f9bf7b2fe4b11eda626923901
History,American History Tellers,https://i.scdn.co/image/ab67656300005f1f074a0bf1854f47999e3908b8
History,Throughline,https://i.scdn.co/image/ab67656300005f1fabe95c07d7b474ffbd901223
History,My Victorian Nightmare,https://i.scdn.co/image/ab67656300005f1f97e8a7a94a27cd2694591ade
History,Empire,https://i.scdn.co/image/ab67656300005f1f083d0402d4751f69d0cfd08d
History,the memory palace,https://i.scdn.co/image/ab67656300005f1f735fed67686bd4c85d3a7b55
History,You're Wrong About,https://i.scdn.co/image/ab67656300005f1fe98999cb18cac48d5ad8b671
History,Revolutions,https://i.scdn.co/image/ab67656300005f1fe4e166660208f9e100cc69cb
History,"Betwixt The Sheets: The History of Sex, Scandal & Society",https://i.scdn.co/image/ab67656300005f1f0ae0a84dfe41884f6c922de0
History,American Scandal,https://i.scdn.co/image/ab67656300005f1fe60a4fe9d31d4246fed2ac4e
History,Legends of the Old West,https://i.scdn.co/image/ab67656300005f1fbee18dc8e43e2c3da4697729
History,You're Dead to Me,https://i.scdn.co/image/ab67656300005f1f73f36f6a4b50820d0d519d0d
History,Real Dictators,https://i.scdn.co/image/ab67656300005f1f53a312cabfdc95915ddfce8e
History,Gone Medieval,https://i.scdn.co/image/ab67656300005f1fa5aa19ed35a1613fa67c53f7
History,Unexplained Mysteries,https://i.scdn.co/image/ab67656300005f1f20ce207e15649ba3912d17c0
History,"After Dark: Myths, Misdeeds & the Paranormal",https://i.scdn.co/image/ab67656300005f1f7eec3db8996ac2a0ca6f70a7
History,Everything Everywhere Daily,https://i.scdn.co/image/ab67656300005f1f04a40dbe7d8eb493bf91abb1
History,History of Everything,https://i.scdn.co/image/ab67656300005f1f689c5fb73df4fed663850229
History,Reclaimed,https://i.scdn.co/image/ab67656300005f1f0f50d3bd092238f8e5176a52
History,Historically High,https://i.scdn.co/image/ab67656300005f1f1037fc8f6d8c2e7751df6f0e
History,The History of English Podcast,https://i.scdn.co/image/ab67656300005f1fcb26dd00bbba0baa286b27b2
History,Dan Snow's History Hit,https://i.scdn.co/image/ab67656300005f1ff3e3457386f40e571f43c918
History,The History of WWII Podcast,https://i.scdn.co/image/ab67656300005f1fbf863e80eb6e6cf3e5e1676e
History,Adolf Hitler: Rise and Downfall,https://i.scdn.co/image/ab67656300005f1f0f2cd12d809440d1a83dcae1
History,Stuff You Missed in History Class,https://i.scdn.co/image/ab67656300005f1f8d2f8232b7087345f9b20dca
History,Ridiculous History,https://i.scdn.co/image/ab67656300005f1f0d418b3de604664528187312
History,Rachel Maddow Presents: Ultra,https://i.scdn.co/image/ab67656300005f1fe72803985a1d096671e2a753
History,Dan Carlin's Hardcore History: Addendum,https://i.scdn.co/image/ab67656300005f1fc9f9e93fc988e602df028d64
History,Cool People Who Did Cool Stuff,https://i.scdn.co/image/ab67656300005f1fea034996ceab1050846cb1f5
History,American History Hit,https://i.scdn.co/image/ab67656300005f1f856a955f0edf20f7deaa1604
History,In Our Time,https://i.scdn.co/image/ab67656300005f1f1777b90eaadb094f4dbe1b7c
History,Wiser World,https://i.scdn.co/image/ab67656300005f1f1f719576b312ab2ccdef8984
History,The Duncan & Coe History Show,https://i.scdn.co/image/ab67656300005f1fdc189b0980f7b51db2801e0e
History,Not Just the Tudors,https://i.scdn.co/image/ab67656300005f1f3246234825e99766d7c9b4fd
History,Master Plan,https://i.scdn.co/image/ab67656300005f1feeddf34a2d804c2337ba1072
History,History For Weirdos,https://i.scdn.co/image/ab67656300005f1f138b5f0ba9d435e993d72e7f
History,Infamous America,https://i.scdn.co/image/ab67656300005f1fd91350a7206a382024a08cc5
Leisure,Markiplier,https://i.scdn.co/image/ab67656300005f1fd530409f445ae3eb34441c42
Leisure,FGTeeV,https://i.scdn.co/image/ab67656300005f1f7101956fb481b06d54503726
Leisure,SmartLess Presents ClueLess,https://i.scdn.co/image/ab67656300005f1f2f18c9a1322d091a0528e98b
Leisure,Game Theory,https://i.scdn.co/image/ab67656300005f1ffbfed74cb574cdef70a4e36d
Leisure,Tales from the Stinky Dragon,https://i.scdn.co/image/ab67656300005f1fbecdfd9d3f24c1d2fb1966ee
Leisure,SSSniperWolf Videos,https://i.scdn.co/image/ab67656300005f1f98d95c3c666db3ea529b4c29
Leisure,La J y la M,https://i.scdn.co/image/ab67656300005f1fc7c70e3ff393c169ce349547
Leisure,The 40k Lorecast,https://i.scdn.co/image/ab67656300005f1f2f20d5bef294a6667e79f774
Leisure,Flamingo,https://i.scdn.co/image/ab67656300005f1f8e32b4e4138ee1f92841dd3f
Leisure,Aphmau Minecraft But We Walk In A Straight Line,https://i.scdn.co/image/ab67656300005f1f79da8e35fa664810da3436f4
Leisure,Critical Role,https://i.scdn.co/image/ab67656300005f1f23dcde9f02d02d98a228b273
Leisure,GOONS,https://i.scdn.co/image/ab67656300005f1f949531a80f46cf8f5cd2e668
Leisure,MoistCr1tikal's Marvelous Manhole,https://i.scdn.co/image/ab67656300005f1f3a058b9d95797d3934aed100
Leisure,Thinknoodles On Spotify!,https://i.scdn.co/image/ab67656300005f1fc6b6e05d08de57e1baa83e49
Leisure,SMII7Y!,https://i.scdn.co/image/ab67656300005f1f933b13e3d36c67df05dbd4b8
Leisure,Adeptus Ridiculous,https://i.scdn.co/image/ab67656300005f1f39a7e5f26a1163751b3cd82e
Leisure,Duck Call Room,https://i.scdn.co/image/ab67656300005f1f55684d4a8c9ba6e3207d7b45
Leisure,MHA AUDIO,https://i.scdn.co/image/ab67656300005f1f80f880f1495e644c78bad8d7
Leisure,The Jaded Mechanic Podcast,https://i.scdn.co/image/ab67656300005f1fe4a359ae25a381c6ae74857f
Leisure,The PointCrow Plaza,https://i.scdn.co/image/ab67656300005f1f320fd52b05be14c0bba44c51
Leisure,The Whatever I Want ARCHIVE (Whatever I Want 3),https://i.scdn.co/image/ab67656300005f1f5f8ec9f5c9ae9c343c4cd8ef
Leisure,DaBaddest Radio,https://i.scdn.co/image/ab67656300005f1f2b3a1251b97ee9b269bf2355
Leisure,OpTic Podcast,https://i.scdn.co/image/ab67656300005f1fd1ea961ea45c844a00100b47
Leisure,Jacksepticeye,https://i.scdn.co/image/ab67656300005f1fcadc020529b47aee6d003f62
Leisure,ThinkNoodles and more!,https://i.scdn.co/image/ab67656300005f1f86b6c956831dad96858b3d08
Leisure,Booze And Boos,https://i.scdn.co/image/ab67656300005f1f14aec0ac156d4d47725dd8c4
Leisure,Critical Role & Sagas of Sundry,https://i.scdn.co/image/ab67656300005f1f4745c331150df99df9582d10
Leisure,Girls Who Don‚Äòt DnD,https://i.scdn.co/image/ab67656300005f1f2d89594f1bdad35514b233bc
Leisure,Just Roll With It,https://i.scdn.co/image/ab67656300005f1f4fd3bf41b36491cf955bcb56
Leisure,LOS MAFIA PODCAST,https://i.scdn.co/image/ab67656300005f1f9ef57ba6c55901d3441b56b0
Leisure,Inspired Source,https://i.scdn.co/image/ab67656300005f1f1d3225442a87d185266709ee
Leisure,‚ãÜ. hera‚Äôs nsfw audios êôö Àö,https://i.scdn.co/image/ab67656300005f1fd7fb04a3c0ed3193c3897ba5
Leisure,Trash Taste Podcast,https://i.scdn.co/image/ab67656300005f1fa4a9dd6df37a2226befe9259
Leisure,The Command Zone,https://i.scdn.co/image/ab67656300005f1f63bd379c3feb301099465a49
Leisure,THIS CAR POD! with Doug DeMuro & Friends!,https://i.scdn.co/image/ab67656300005f1ff28b31a0b81edd1ab9333f11
Leisure,One Piece D&D,https://i.scdn.co/image/ab67656300005f1fb9b3bf639a9910546d66376e
Leisure,Anime ASMR Audios,https://i.scdn.co/image/ab67656300005f1f6981feb441893ca3331effcf
Leisure,aCookieGod Behind The Scenes,https://i.scdn.co/image/ab67656300005f1f42650df5e699e85c4fdbc527
Leisure,SSSniperWolf,https://i.scdn.co/image/ab67656300005f1f347f1e6950fd971234753c87
Leisure,The GamerShark Podcast.,https://i.scdn.co/image/ab67656300005f1ffc10a96e642bd3dff77c53c0
Leisure,Otaku's Anonymous,https://i.scdn.co/image/ab67656300005f1fe348fd5c631a477561d99a98
Leisure,ASMR GODDESS,https://i.scdn.co/image/ab67656300005f1f59939ecc0bc5c768d61b6621
Leisure,Lorehammer - A Warhammer 40k Podcast,https://i.scdn.co/image/ab67656300005f1f1e946e93a088ded313fee10c
Leisure,GameTime With Sunny And Melon,https://i.scdn.co/image/ab67656300005f1fa4659b88aa6b90fffe014f76
Leisure,XxListenersxX,https://i.scdn.co/image/ab67656300005f1f44beb75f54385ad36f8af050
Leisure,Safe Space ASMR,https://i.scdn.co/image/ab67656300005f1f6e9c7bbe509aca6f83a6b8f5
Leisure,Past Gas by Donut Media,https://i.scdn.co/image/ab67656300005f1f4e7443113038a8de75916631
Leisure,Biketalk With Biketok,https://i.scdn.co/image/ab67656300005f1f5fcb6aa7de8acda03a2df2ff
Leisure,Eva‚Äôs F4F [Nswf],https://i.scdn.co/image/ab67656300005f1f94b80c3d227e734718b59d5d
Leisure,TRIVIA TIME,https://i.scdn.co/image/ab67656300005f1f3fa81041b97f37f8b52d1d91
Music,The Joe Budden Podcast,https://i.scdn.co/image/ab67656300005f1f49fbee060230aabe7363cd39
Music,60 Songs That Explain the '90s,https://i.scdn.co/image/ab67656300005f1f6f44492dc6a6c6a670816f79
Music,DISGRACELAND,https://i.scdn.co/image/ab67656300005f1f51146f3d0cebf3e32c4b292d
Music,One Song,https://i.scdn.co/image/ab67656300005f1fc5ef9a68cd82225e0135aa2e
Music,A History of Rock Music in 500 Songs,https://i.scdn.co/image/ab67656300005f1fd46d0d5b83ef1c77e1c57da5
Music,Song Exploder,https://i.scdn.co/image/ab67656300005f1f1621b3807c4db7c3e2795c51
Music,Kill The Posers Podcast,https://i.scdn.co/image/ab67656300005f1f8c96cea8328ab0d239333ebe
Music,Dissect,https://i.scdn.co/image/ab67656300005f1ff855bcce28d9efee05406b48
Music,Bandsplain,https://i.scdn.co/image/ab67656300005f1fd631dd5b2f5c307e7e677276
Music,callie's cabin üêöüåä,https://i.scdn.co/image/ab67656300005f1fe8a274a481e944b570d72beb
Music,Drink Champs,https://i.scdn.co/image/ab67656300005f1f74f949dae8322d11dba3c0f9
Music,The Wonder of Stevie,https://i.scdn.co/image/ab67656300005f1f28d79179ab72c892abfb52a5
Music,Pillar chase 2 Themes!!,https://i.scdn.co/image/ab67656300005f1f43a61ff689ffdf8472f76f45
Music,Billions Club: The Series,https://i.scdn.co/image/ab67656300005f1f467ed87c8b7ed76d7d990ca8
Music,New Rory & MAL,https://i.scdn.co/image/ab67656300005f1f4ee55ead113e372b642cce61
Music,Million Dollaz Worth Of Game,https://i.scdn.co/image/ab67656300005f1fb1dc55b2092f690872227d0e
Music,THE MORNING SHIFT,https://i.scdn.co/image/ab67656300005f1ff4bb68c29f812f42939fda56
Music,All Songs Considered,https://i.scdn.co/image/ab67656300005f1f6708ee9b571d098900d38548
Music,"Broken Record with Rick Rubin, Malcolm Gladwell, Bruce Headlam and Justin Richmo‚Ä¶",https://i.scdn.co/image/ab67656300005f1f87222b0af15f42f379b60784
Music,Noble Champions,https://i.scdn.co/image/ab67656300005f1f4ea165eed3eb09dd9c882501
Music,Music Student 101,https://i.scdn.co/image/ab67656300005f1f903b57d6d48ad75c8e67d488
Music,Every Single Album,https://i.scdn.co/image/ab67656300005f1f7e47e250b0457e8751eb6c14
Music,Switched on Pop,https://i.scdn.co/image/ab67656300005f1f810fca4e5fe9cd513c1b00c6
Music,Lost Notes: Groupies,https://i.scdn.co/image/ab67656300005f1fa35e9aafcda1e38d416e8768
Music,No Jumper,https://i.scdn.co/image/ab67656300005f1ffe4362c29eb9bbcbb6ae3766
Music,ZonaVIPradio,https://i.scdn.co/image/ab67656300005f1fc1bc47cda1e2800db6bf665e
Music,Rap Latte,https://i.scdn.co/image/ab67656300005f1f502ed51d136e694c7e6a877c
Music,American Railroad,https://i.scdn.co/image/ab67656300005f1f8a6bd0dbf9eb42e25a4f33ff
Music,100 Songs that Define Heavy Metal,https://i.scdn.co/image/ab67656300005f1f9049fb78541f1b90a1ba4247
Music,Garza Podcast,https://i.scdn.co/image/ab67656300005f1f9fb8f8b864565cf58c8f8704
Music,Evolution of a Snake: The Taylor Swift Podcast,https://i.scdn.co/image/ab67656300005f1fb7a2e7476552219fc0aec844
Music,Dem Vinyl Boyz,https://i.scdn.co/image/ab67656300005f1f800ddaf7e785590c69bafea6
Music,GOOD OL' GRATEFUL DEADCAST,https://i.scdn.co/image/ab67656300005f1fcd9161a4cab11fee0aa1cf8c
Music,Two Friends BB Mixes,https://i.scdn.co/image/ab67656300005f1f60c6715ef626df003be58e35
Music,HardLore: Stories from Tour,https://i.scdn.co/image/ab67656300005f1f4c4e4e543119245e32ba47c3
Music,subway,https://i.scdn.co/image/ab67656300005f1f96399ea7418e9bc1c8136254
Music,karo's laughable audios (haikyuu x listener) (anime x listener) (original audios by YY/Ya‚Ä¶,https://i.scdn.co/image/ab67656300005f1f592cff82b088c4ae953bd1a5
Music,Dolly Parton's America,https://i.scdn.co/image/ab67656300005f1facaf5bee421a2f07e5eeadeb
Music,Strong Songs,https://i.scdn.co/image/ab67656300005f1fe537c0133f7063465823dac8
Music,Bonde do Brun√£o,https://i.scdn.co/image/ab67656300005f1ffdb563d08be158bf275db41c
Music,The Akademy,https://i.scdn.co/image/ab67656300005f1fee6d0190abf2e667e9ced17c
Music,No Dogs in Space,https://i.scdn.co/image/ab67656300005f1feef2f603581e80d06882969c
Music,Swiftie School,https://i.scdn.co/image/ab67656300005f1fb62ae3c14e6004706eb06e9d
Music,Celebrity Jobber Podcast with Jeff Zito,https://i.scdn.co/image/ab67656300005f1f6acb3e48ef57f303f6a1cf35
Music,Off the Record with DJ Akademiks,https://i.scdn.co/image/ab67656300005f1f82886393686b5b382d7b2505
Music,Guitar Music Theory,https://i.scdn.co/image/ab67656300005f1ff5d45d891871133a7e650ecd
Music,Let's Ask Taylor Swift,https://i.scdn.co/image/ab67656300005f1ff34738983843472a35c65c91
Music,Hard Music,https://i.scdn.co/image/ab67656300005f1f3e4446d080b3090550344128
Music,God's Country,https://i.scdn.co/image/ab67656300005f1f94b4a6a83ca0ac6a46f20cb8
Music,Ritmos del Alma,https://i.scdn.co/image/ab67656300005f1f196ce144ddeb25aad17f8bb6
News,The Tucker Carlson Show,https://i.scdn.co/image/ab67656300005f1fdc338dbc158629d04aca8f07
News,Candace,https://i.scdn.co/image/ab67656300005f1f66fef8a30c8f989f7e5ec5c3
News,The Megyn Kelly Show,https://i.scdn.co/image/ab67656300005f1f6d5f78147b6ed97bf2ba6707
News,The Charlie Kirk Show,https://i.scdn.co/image/ab67656300005f1fbea8bc78a380b037b77d8e8b
News,Up First from NPR,https://i.scdn.co/image/ab67656300005f1fc9d5be3db44638ccf7bf31bd
News,Dan Bongino Show,https://i.scdn.co/image/ab67656300005f1fd5166af5a659946a6e91610e
News,The Ben Shapiro Show,https://i.scdn.co/image/ab67656300005f1f9b55572132747d2edbcb3b2b
News,Pod Save America,https://i.scdn.co/image/ab67656300005f1fd9a53ca745c6da3193daab6b
News,The Journal.,https://i.scdn.co/image/ab67656300005f1f8987f4533ff88ee624f81a5d
News,The Bulwark Podcast,https://i.scdn.co/image/ab67656300005f1f2b672bda2e536dee58afd31d
News,NPR News Now,https://i.scdn.co/image/ab67656300005f1f0f3d55247dfb43192bc26ace
News,The President's Daily Brief,https://i.scdn.co/image/ab67656300005f1fbcbb161d66ed7a3a161e1fac
News,The Headlines,https://i.scdn.co/image/ab67656300005f1f244cd635fdd1a78789e438ed
News,Raging Moderates with Scott Galloway and Jessica Tarlov,https://i.scdn.co/image/ab67656300005f1f8e386a0bfdf82a6eb658945d
News,The Matt Walsh Show,https://i.scdn.co/image/ab67656300005f1f0e6b480e6f295d8ea9b81e9c
News,Morning Wire,https://i.scdn.co/image/ab67656300005f1f9d237edc02a545eba2758c4d
News,Part Of The Problem,https://i.scdn.co/image/ab67656300005f1f186718a9a3deff498511a849
News,System Update with Glenn Greenwald,https://i.scdn.co/image/ab67656300005f1fd658766578c07500033314e0
News,"Today, Explained",https://i.scdn.co/image/ab67656300005f1fdfc0a3d7959906e9ae5c3fc9
News,Global News Podcast,https://i.scdn.co/image/ab67656300005f1ff792739350c2cac05cec9ca4
News,Tangle,https://i.scdn.co/image/ab67656300005f1fef593e0f9828375617b63ae2
News,The NPR Politics Podcast,https://i.scdn.co/image/ab67656300005f1f7a805d247baf85cdffa53e15
News,TRIGGERnometry,https://i.scdn.co/image/ab67656300005f1fd2e34caa35afb0c211170bff
News,WSJ What‚Äôs News,https://i.scdn.co/image/ab67656300005f1f4029da2e6dea50a1b69e911d
News,Breaking Points with Krystal and Saagar,https://i.scdn.co/image/ab67656300005f1f4bafe6f5618e9374144e5913
News,Pod Save the World,https://i.scdn.co/image/ab67656300005f1f7ec9104cb377d7bf75045af1
News,The Glenn Beck Program,https://i.scdn.co/image/ab67656300005f1f30ff583812270b612f8b83de
News,Letters from an American,https://i.scdn.co/image/ab67656300005f1f9d186d31fbfdae1664b548ab
News,The Michael Knowles Show,https://i.scdn.co/image/ab67656300005f1f3f6f094a5015c68eeee3d357
News,Piers Morgan Uncensored,https://i.scdn.co/image/ab67656300005f1f855c874a382e1806959ca8c0
News,Pivot,https://i.scdn.co/image/ab67656300005f1fbe4b8812b2b17b7585f41d2e
News,The Rachel Maddow Show,https://i.scdn.co/image/ab67656300005f1f97386ff5a362d20f1fdec28d
News,Truth with Vivek Ramaswamy,https://i.scdn.co/image/ab67656300005f1f4329927bbd78de0d3d657361
News,The Fox News Rundown,https://i.scdn.co/image/ab67656300005f1f2fe3b210ed5001478aa576c3
News,The Rest Is Politics: US,https://i.scdn.co/image/ab67656300005f1fdd5be1f06221e8245505fc82
News,Breaking Points with Krystal and Saagar,https://i.scdn.co/image/ab67656300005f1f64ba9625aace240b1476eb85
News,Fox News Hourly Update,https://i.scdn.co/image/ab67656300005f1fd683e61368e99367f90afea8
News,Daily Crypto News,https://i.scdn.co/image/ab67656300005f1fdd605e6c08b817730c2b94af
News,Consider This from NPR,https://i.scdn.co/image/ab67656300005f1f58a6244688e7eb7a363cd65b
News,Louder with Crowder,https://i.scdn.co/image/ab67656300005f1f1ff763ad7d22fcfdbede1d4c
News,Real Time with Bill Maher,https://i.scdn.co/image/ab67656300005f1f1ab33a96d6e81f73976168ef
News,Wall Street Breakfast,https://i.scdn.co/image/ab67656300005f1fa9d86acf03ad43d6e7556a1a
News,The Victor Davis Hanson Show,https://i.scdn.co/image/ab67656300005f1f0ee798c1e32b28f412a66c92
News,The Will Cain Show,https://i.scdn.co/image/ab67656300005f1fb1f89e07820fc04d5c39a296
News,What A Day,https://i.scdn.co/image/ab67656300005f1f4b1862c418639b65d41d4365
News,Bill O‚ÄôReilly‚Äôs No Spin News and Analysis,https://i.scdn.co/image/ab67656300005f1fe87929011dbe538b02e4805c
News,The Opinions,https://i.scdn.co/image/ab67656300005f1fc29144c88fd1daa0ad675581
News,Triggered With Don Jr.,https://i.scdn.co/image/ab67656300005f1f09e9557f54bba40859688977
News,Mark Levin Podcast,https://i.scdn.co/image/ab67656300005f1f87f6f05459653108ee20d1f1
News,Tim Pool Daily News,https://i.scdn.co/image/ab67656300005f1f92b1db0ecee44729f67b0eb5
Religion & Spirituality,The Bible in a Year (with Fr. Mike Schmitz),https://i.scdn.co/image/ab67656300005f1fea2ecd024c3c8cfc08cc4a90
Religion & Spirituality,The Bryce Crawford Podcast,https://i.scdn.co/image/ab67656300005f1fdaaa2d0c380fcaa99f83b0ef
Religion & Spirituality,Girls Gone Bible,https://i.scdn.co/image/ab67656300005f1f4b7cfcdd91ac50b7ee3fcc50
Religion & Spirituality,Bible: Beginning to End,https://i.scdn.co/image/ab67656300005f1faf00c18f1aa3d14fae5538df
Religion & Spirituality,WHOA That's Good Podcast,https://i.scdn.co/image/ab67656300005f1fb0a45f207f5cf2181d1ec335
Religion & Spirituality,Christ With Coffee On Ice,https://i.scdn.co/image/ab67656300005f1f6c01b0c9ac35544a2ebfc763
Religion & Spirituality,BibleProject,https://i.scdn.co/image/ab67656300005f1f0cea63155d7d46def4ccfdf0
Religion & Spirituality,Stay True with Madison Prewett Troutt,https://i.scdn.co/image/ab67656300005f1f2ed6c6031dea65f19dbf861e
Religion & Spirituality,Ten Minute Bible Talks Devotional Bible Study,https://i.scdn.co/image/ab67656300005f1fdd1c16995141c9374dbf2355
Religion & Spirituality,The Exorcist Files,https://i.scdn.co/image/ab67656300005f1f0adb5c18c98d40cb728a0403
Religion & Spirituality,Joel Osteen Podcast,https://i.scdn.co/image/ab67656300005f1ff73edf39231c3f8f2875c611
Religion & Spirituality,Elevation with Steven Furtick,https://i.scdn.co/image/ab67656300005f1f707c2089bd4858cb14b0fa54
Religion & Spirituality,The Deep End With Lecrae,https://i.scdn.co/image/ab67656300005f1f7b21cd0d924f406b2afa34b9
Religion & Spirituality,Astrology of the Week Ahead with Chani Nicholas,https://i.scdn.co/image/ab67656300005f1f17f92824a94197f2cb85b787
Religion & Spirituality,Not Yet Now with Zach Dasher,https://i.scdn.co/image/ab67656300005f1f392b0f3b0467e039cee0224f
Religion & Spirituality,The David Ghiyam Podcast,https://i.scdn.co/image/ab67656300005f1feab79ecdf6fa9cab0bf551a4
Religion & Spirituality,Unashamed with the Robertson Family,https://i.scdn.co/image/ab67656300005f1ff7a2c364d068d26c94819d48
Religion & Spirituality,With The Perrys,https://i.scdn.co/image/ab67656300005f1f6d921d3f56d94b0e54e48aac
Religion & Spirituality,Stars of David with Elon Gold,https://i.scdn.co/image/ab67656300005f1f414eb982650cb5bf2418a177
Religion & Spirituality,Billy Graham,https://i.scdn.co/image/ab67656300005f1f8b7ee160f4e061092059f2b2
Religion & Spirituality,The Candace Cameron Bure Podcast,https://i.scdn.co/image/ab67656300005f1fee9352ec45d413be13e56748
Religion & Spirituality,The Bible Recap,https://i.scdn.co/image/ab67656300005f1f0dd23ff0a3e304cf357f7563
Religion & Spirituality,Saved Not Soft,https://i.scdn.co/image/ab67656300005f1ff2b71bc2af78d84882d05afb
Religion & Spirituality,The Fr. Mike Schmitz Catholic Podcast,https://i.scdn.co/image/ab67656300005f1f4db8eb23c7b72552e8348ccf
Religion & Spirituality,Timothy Keller Sermons Podcast by Gospel in Life,https://i.scdn.co/image/ab67656300005f1f24c62fc4d34296f25e29bafe
Religion & Spirituality,In Totality with Megan Ashley,https://i.scdn.co/image/ab67656300005f1f4e0b3c4820e27446af2a4a66
Religion & Spirituality,Men's Bible Study,https://i.scdn.co/image/ab67656300005f1fcf40b40eaa073d07785189af
Religion & Spirituality,Haunted Cosmos,https://i.scdn.co/image/ab67656300005f1f52ebddfaa476417d4b3ff658
Religion & Spirituality,The BEMA Podcast,https://i.scdn.co/image/ab67656300005f1f69245bdda1cd8886d84efe53
Religion & Spirituality,Christian Motivation,https://i.scdn.co/image/ab67656300005f1fa2849bf3a86335c54612ede4
Religion & Spirituality,Dante Gebel Live,https://i.scdn.co/image/ab67656300005f1fe0e77521caef1d0094c2aff6
Religion & Spirituality,The Higher Self with Danny Morel,https://i.scdn.co/image/ab67656300005f1fb11bfbfcd79e3c17c0fa45d7
Religion & Spirituality,"followHIM: A Come, Follow Me Podcast",https://i.scdn.co/image/ab67656300005f1f3d5144e3266f974697232418
Religion & Spirituality,Tara Brach,https://i.scdn.co/image/ab67656300005f1f233ad0b8633860ac8b81cd2b
Religion & Spirituality,Joyce Meyer Enjoying Everyday Life¬Æ TV Audio Podcast,https://i.scdn.co/image/ab67656300005f1f712289f99322ee8f427e796a
Religion & Spirituality,Your Daily Prayer,https://i.scdn.co/image/ab67656300005f1f858ccf36b4332e17c3d889dc
Religion & Spirituality,#askcliffeandstuart,https://i.scdn.co/image/ab67656300005f1f4d922453ddc2475a39c1a5e6
Religion & Spirituality,Life.Church with Craig Groeschel,https://i.scdn.co/image/ab67656300005f1f83fa4555c5f771c5c1de4456
Religion & Spirituality,Carew Ellington Podcast,https://i.scdn.co/image/ab67656300005f1f75dd2c34850d10c408b243c7
Religion & Spirituality,Daily Radio Program with Charles Stanley - In Touch Ministries,https://i.scdn.co/image/ab67656300005f1f301ab5450ff5716b6bcab40b
Religion & Spirituality,The Briefing with Albert Mohler,https://i.scdn.co/image/ab67656300005f1f47d0d0b84efec0fdbe0d2f09
Religion & Spirituality,John Mark Comer Teachings,https://i.scdn.co/image/ab67656300005f1f0edc79bdc2ca96a87dc0c672
Religion & Spirituality,Happy & Healthy with Jeanine Amapola,https://i.scdn.co/image/ab67656300005f1ff078909b481d9b4e788ddc0d
Religion & Spirituality,Pastor Rick's Daily Hope,https://i.scdn.co/image/ab67656300005f1f33d25b686c870c6b6a324fb8
Religion & Spirituality,Michael Singer Podcast,https://i.scdn.co/image/ab67656300005f1f1d0406b98d1b0911b4385aa3
Religion & Spirituality,Becoming Something with Jonathan Pokluda,https://i.scdn.co/image/ab67656300005f1f04cb786640662edaa311e948
Religion & Spirituality,The JWLKRS Podcast,https://i.scdn.co/image/ab67656300005f1f304e9299ab447d5407f581c3
Religion & Spirituality,The Way Out Is In,https://i.scdn.co/image/ab67656300005f1f94c31759a1c100471cdbec52
Religion & Spirituality,The Daily Bible,https://i.scdn.co/image/ab67656300005f1f2dbea8375719fecbbd60b78d
Religion & Spirituality,Pints With Aquinas,https://i.scdn.co/image/ab67656300005f1f789a05152e348470636dedbd
Science,Science Vs,https://i.scdn.co/image/ab67656300005f1fe609466bae2a08bb347a7d09
Science,StarTalk Radio,https://i.scdn.co/image/ab67656300005f1fffba4908eaf71ef8e8ec742c
Science,Making Sense with Sam Harris,https://i.scdn.co/image/ab67656300005f1f96597791734bd303f72ad1c4
Science,Hidden Brain,https://i.scdn.co/image/ab67656300005f1fb85311900115d459884cae79
Science,Radiolab,https://i.scdn.co/image/ab67656300005f1f44d70adc5a19fadd97cce181
Science,Ologies with Alie Ward,https://i.scdn.co/image/ab67656300005f1fce54de8da4c5935c915c48a3
Science,Blurry Creatures,https://i.scdn.co/image/ab67656300005f1fe43a1f601a2b02501e7e6cba
Science,This Podcast Will Kill You,https://i.scdn.co/image/ab67656300005f1fb253b72fa4e7e469c664638a
Science,DarkHorse Podcast | Bret Weinstein and Heather Heying,https://i.scdn.co/image/ab67656300005f1fd84850741b0aedf214a3c853
Science,The Science of Everything Podcast,https://i.scdn.co/image/ab67656300005f1f72969de121986db155b7e28e
Science,Unexplainable,https://i.scdn.co/image/ab67656300005f1f36b66938769d8ea8b08bae4f
Science,Sasquatch Chronicles,https://i.scdn.co/image/ab67656300005f1fa48bde3ef090571a56958e58
Science,UAP Unidentified Alien Podcast,https://i.scdn.co/image/ab67656300005f1fbfad60b09ab1c014dfc86e4c
Science,The Resetter Podcast,https://i.scdn.co/image/ab67656300005f1f08760cd08da2e27c0e38c3e9
Science,Instant Genius,https://i.scdn.co/image/ab67656300005f1f103e8dee8b47f64994f0ae38
Science,Short Wave,https://i.scdn.co/image/ab67656300005f1f04dc48f83ac71786b48138e9
Science,Tooth & Claw: True Stories of Animal Attacks,https://i.scdn.co/image/ab67656300005f1f6d6eedc51ff75463c4a4816d
Science,Making Sense with Sam Harris - Subscriber Content,https://i.scdn.co/image/ab67656300005f1f283cd19ef96ad43449d7af8b
Science,WEAPONIZED with Jeremy Corbell & George Knapp,https://i.scdn.co/image/ab67656300005f1f93833677c397315fa504ed19
Science,ExtinctZoo,https://i.scdn.co/image/ab67656300005f1f579e1552e484e29d05bbd705
Science,The Confessionals,https://i.scdn.co/image/ab67656300005f1fb4d5e4986739b818c1b7a848
Science,Science Friday,https://i.scdn.co/image/ab67656300005f1ffb48480c00a716d36c67bcff
Science,MinuteEarth,https://i.scdn.co/image/ab67656300005f1f48511779f741dc92dc26230f
Science,That UFO Podcast,https://i.scdn.co/image/ab67656300005f1f30cd9d74d27081023e5d3a6b
Science,Daniel and Kelly‚Äôs Extraordinary Universe,https://i.scdn.co/image/ab67656300005f1fa1b8b75c396ea1d0facecbe9
Science,Tinfoil Tales,https://i.scdn.co/image/ab67656300005f1f20c59e1b5e69b5a7e9d4c961
Science,Undoctrinate Yourself,https://i.scdn.co/image/ab67656300005f1f3416a2c342065b861e32f392
Science,Speaking of Psychology,https://i.scdn.co/image/ab67656300005f1f74b14f6584e6fabd932eec58
Science,"Sean Carroll's Mindscape: Science, Society, Philosophy, Culture, Arts, and Ideas",https://i.scdn.co/image/ab67656300005f1f9b1a3600337c1ed1ed53cffe
Science,Paranormal Mysteries,https://i.scdn.co/image/ab67656300005f1f89a07bae9dd09829a1b805c7
Science,Psychiatry & Psychotherapy Podcast,https://i.scdn.co/image/ab67656300005f1f15d14c38dc7c8127fa4f0d1f
Science,Just the Zoo of Us,https://i.scdn.co/image/ab67656300005f1f8d70fa3e2b70d710da4006db
Science,The Marginal Revolution Podcast,https://i.scdn.co/image/ab67656300005f1ff6d000f4011e6cb9934583f9
Science,The Weirdest Thing I Learned This Week,https://i.scdn.co/image/ab67656300005f1f40e5e6e4c1e69021cc822663
Science,Something You Should Know,https://i.scdn.co/image/ab67656300005f1f406d532054f95ca695370681
Science,My Big TOE by Thomas Campbell - Unifying Mind and Matter,https://i.scdn.co/image/ab67656300005f1ff9044a094c88aa0f137ef95c
Science,The Infinite Monkey Cage,https://i.scdn.co/image/ab67656300005f1f37b9f536eda9433aa60ebe08
Science,Crash Course Pods: The Universe,https://i.scdn.co/image/ab67656300005f1f80efa75262dc0cf2a95c58ea
Science,Mysterious Universe,https://i.scdn.co/image/ab67656300005f1f3458a4089c1bc667ec27f92c
Science,The Psychology Podcast,https://i.scdn.co/image/ab67656300005f1f9527a52181107b831d3f2c37
Science,The UFO Rabbit Hole Podcast,https://i.scdn.co/image/ab67656300005f1f52f5105ecb51e3cd32e07ecf
Science,MCAT Basics (from MedSchoolCoach),https://i.scdn.co/image/ab67656300005f1f679df2a42cfaf84e0af08d4b
Science,Neuroscience: Amateur Hour,https://i.scdn.co/image/ab67656300005f1f3a56612282c27c54a1c4fe14
Science,Glucose Revolution,https://i.scdn.co/image/ab67656300005f1f7b62dec66a990791ce4845f6
Science,The Medbullets Step 2 & 3 Podcast,https://i.scdn.co/image/ab67656300005f1ff9c898787ebc5f19045d3a12
Science,NASA's Curious Universe,https://i.scdn.co/image/ab67656300005f1fa30baa0b109d4c792d66c853
Science,The Skeptics‚Äô Guide to the Universe,https://i.scdn.co/image/ab67656300005f1f38db4560f6fe6acecb0beaa6
Science,Expanded Perspectives,https://i.scdn.co/image/ab67656300005f1faa9327497910666f89a7dc7a
Science,Overheard at National Geographic,https://i.scdn.co/image/ab67656300005f1fc0a85c69e22922a7565b91a4
Science,The Science of Happiness,https://i.scdn.co/image/ab67656300005f1fc6d2e9e1c51c98a9d78c6806
Society & Culture,Shawn Ryan Show,https://i.scdn.co/image/ab67656300005f1f316890ddc4df32dc9d82f503
Society & Culture,Modern Wisdom,https://i.scdn.co/image/ab67656300005f1ffb87e8469fb87b7f25acb84a
Society & Culture,CreepCast,https://i.scdn.co/image/ab67656300005f1fa982e8d35ae83a1ce61b3285
Society & Culture,What Now? with Trevor Noah,https://i.scdn.co/image/ab67656300005f1f6bbe5222eb511ffc9e5a9396
Society & Culture,Honestly with Bari Weiss,https://i.scdn.co/image/ab67656300005f1f7f38b5c9d725357944703727
Society & Culture,Stuff You Should Know,https://i.scdn.co/image/ab67656300005f1f863cc2d69ef7958af5cca4b5
Society & Culture,This American Life,https://i.scdn.co/image/ab67656300005f1f91abbd997cff7b9b4497c930
Society & Culture,Where Everybody Knows Your Name with Ted Danson and Woody Harrelson (someti‚Ä¶,https://i.scdn.co/image/ab67656300005f1f3d92a33b20e7388d92d00a97
Society & Culture,The Why Files: Operation Podcast,https://i.scdn.co/image/ab67656300005f1fd30854016cebc87834f0ec69
Society & Culture,The Telepathy Tapes,https://i.scdn.co/image/ab67656300005f1f8886cd685dd33000cece05bb
Society & Culture,Against the Rules with Michael Lewis,https://i.scdn.co/image/ab67656300005f1f239bba460d6e163971d67a0c
Society & Culture,Where Should We Begin? with Esther Perel,https://i.scdn.co/image/ab67656300005f1f2ea30b2ae35a7cb298f34f3c
Society & Culture,Karma & Chaos with Kail Lowry & Becky Hayter,https://i.scdn.co/image/ab67656300005f1fc64e2583ad249be4fa7cd4f8
Society & Culture,Sold a Story,https://i.scdn.co/image/ab67656300005f1f5ef9ec96e25bddbed693377d
Society & Culture,First Date Follow Up - The Jubal Show,https://i.scdn.co/image/ab67656300005f1f60a3b32f52cd4321aa2d2c59
Society & Culture,Behind the Bastards,https://i.scdn.co/image/ab67656300005f1f924810d8d6c548c913b44551
Society & Culture,Wartime Stories,https://i.scdn.co/image/ab67656300005f1f25171fb90447a86e85679097
Society & Culture,Freakonomics Radio,https://i.scdn.co/image/ab67656300005f1fd8cbc1b0e35fb151ae472695
Society & Culture,Cancelled with Tana Mongeau & Brooke Schofield,https://i.scdn.co/image/ab67656300005f1fc1cdb949a89e681a3f2965a7
Society & Culture,Radio Rental,https://i.scdn.co/image/ab67656300005f1f90121bbfe4d0de37e2c01347
Society & Culture,Otherworld,https://i.scdn.co/image/ab67656300005f1fe9e89d224fa6a1345746d919
Society & Culture,Danny Jones Podcast,https://i.scdn.co/image/ab67656300005f1fa4811d1d8c6e2e503a0d385c
Society & Culture,We Can Do Hard Things,https://i.scdn.co/image/ab67656300005f1f31936fcc7887c8a10ba9af9d
Society & Culture,The Comments Section with Brett Cooper,https://i.scdn.co/image/ab67656300005f1f51856bd87340cc44bca37ecf
Society & Culture,Assembly Required with Stacey Abrams,https://i.scdn.co/image/ab67656300005f1f46c2cb35ef6c793fc7547a1a
Society & Culture,Date Yourself Instead,https://i.scdn.co/image/ab67656300005f1f18011ea4bb43bdeb8e60504a
Society & Culture,Call It What It Is,https://i.scdn.co/image/ab67656300005f1fa6bc7ca3efc053ad6babea22
Society & Culture,Philosophize This!,https://i.scdn.co/image/ab67656300005f1f16116dc84b5da8d9905a35ec
Society & Culture,If Books Could Kill,https://i.scdn.co/image/ab67656300005f1f10cd4bdfe0e165d9aa3e1349
Society & Culture,All There Is with Anderson Cooper,https://i.scdn.co/image/ab67656300005f1f4240e0fb4e544db2c6247e45
Society & Culture,Flightless Bird,https://i.scdn.co/image/ab67656300005f1f1b75e1259f3ec7e112f4f9d0
Society & Culture,Revisionist History,https://i.scdn.co/image/ab67656300005f1f01fbac7975ce2cdefcf93062
Society & Culture,Spill More Girls,https://i.scdn.co/image/ab67656300005f1f969966480568d034fc4ccd8f
Society & Culture,Red Scare,https://i.scdn.co/image/ab67656300005f1f403e958c643c2fcec41ce283
Society & Culture,Let's Be Honest with Kristin Cavallari,https://i.scdn.co/image/ab67656300005f1f333734b2ad72bd52dc2685e4
Society & Culture,Timcast IRL,https://i.scdn.co/image/ab67656300005f1f8eb7761990fdd505a7d7a718
Society & Culture,Comfort Level Podcast,https://i.scdn.co/image/ab67656300005f1fec571b55772e3ffb2a9b13ac
Society & Culture,Hot Mess with Alix Earle,https://i.scdn.co/image/ab67656300005f1f44050ea4239b65eb487433af
Society & Culture,I've Had It,https://i.scdn.co/image/ab67656300005f1f47a8400b8cf209362ca224df
Society & Culture,Hyperfixed,https://i.scdn.co/image/ab67656300005f1fef9287a38fa12eb97db05dcd
Society & Culture,The Town with Matthew Belloni,https://i.scdn.co/image/ab67656300005f1fba838867e0cefcfa126f6e79
Society & Culture,It Could Happen Here,https://i.scdn.co/image/ab67656300005f1fdf52bc44f50af9483c93c43e
Society & Culture,Brooke and Connor Make A Podcast,https://i.scdn.co/image/ab67656300005f1fe607dcee4aa007193576c136
Society & Culture,Criminal,https://i.scdn.co/image/ab67656300005f1f8fe7219aa591d2f2f39658bf
Society & Culture,The Way I Heard It with Mike Rowe,https://i.scdn.co/image/ab67656300005f1f7d7bbe4cfb9c6b1cb1fbe38d
Society & Culture,Lights Out Library: Sleep Documentaries,https://i.scdn.co/image/ab67656300005f1fce44bf889cecf0f3a89f4aba
Society & Culture,Boomtown,https://i.scdn.co/image/ab67656300005f1fb94668d4c5962241eec7bdb1
Society & Culture,Black Rifle Coffee Podcast,https://i.scdn.co/image/ab67656300005f1f2c32244b485ef3b0e1ac08de
Society & Culture,Profound Pondering,https://i.scdn.co/image/ab67656300005f1f8c5fa560447fd65049017ee6
Society & Culture,A Bit Fruity with Matt Bernstein,https://i.scdn.co/image/ab67656300005f1f3d9a0c76fd0a4afbd5eedbdb
Sports,Pardon My Take,https://i.scdn.co/image/ab67656300005f1fadf60a167b76baf8f0f9194d
Sports,New Heights with Jason & Travis Kelce,https://i.scdn.co/image/ab67656300005f1f3ab3f5bf3fcb15874922b8c3
Sports,The Pat McAfee Show,https://i.scdn.co/image/ab67656300005f1f5040d14fba59bcf6296f57e2
Sports,The MeatEater Podcast,https://i.scdn.co/image/ab67656300005f1f99430953d576378660255d6e
Sports,Club Shay Shay,https://i.scdn.co/image/ab67656300005f1f993326b7a12f08ff15ba4d0c
Sports,Fantasy Footballers - Fantasy Football Podcast,https://i.scdn.co/image/ab67656300005f1f983fec5d068b1bce81cc41c8
Sports,The Bill Simmons Podcast,https://i.scdn.co/image/ab67656300005f1f9ad532f407e8b9d4c4516bd2
Sports,A Touch More with Sue Bird & Megan Rapinoe,https://i.scdn.co/image/ab67656300005f1fffa7c4970bd44de66d4c4e5d
Sports,The McShay Show,https://i.scdn.co/image/ab67656300005f1fe2e34771bfe12ea508098d8e
Sports,On Base with Mookie Betts,https://i.scdn.co/image/ab67656300005f1f53a309314b76aae3fe2d626c
Sports,Unfiltered Soccer with Landon Donovan and Tim Howard,https://i.scdn.co/image/ab67656300005f1ff88af6812c7e712b4ea19732
Sports,Herm & Schrader,https://i.scdn.co/image/ab67656300005f1f71401c21a21dc17626743cfa
Sports,Six Feet Under with Mark Calaway,https://i.scdn.co/image/ab67656300005f1f902a2c2abbdbb124126b2175
Sports,Fantasy Footballers DFS & Betting - Fantasy Football Podcast,https://i.scdn.co/image/ab67656300005f1f79703317d45f1d37d89fab35
Sports,Josh Pate's College Football Show,https://i.scdn.co/image/ab67656300005f1f4e6905e44b5064a1511a1f05
Sports,The Joel Klatt Show: A College Football Podcast,https://i.scdn.co/image/ab67656300005f1f3d621ab907955c53865e5740
Sports,Club 520 Podcast,https://i.scdn.co/image/ab67656300005f1faa3633f1c8ffda43fb0eb92c
Sports,The Ryen Russillo Podcast,https://i.scdn.co/image/ab67656300005f1fccd26ef37b48e2bf63543518
Sports,The Kevin O'Connor Show,https://i.scdn.co/image/ab67656300005f1ffcb843f106e8adc5caa09c8b
Sports,Nightcap,https://i.scdn.co/image/ab67656300005f1f552dfc67ffb5da07e5c2fdd5
Sports,Spittin Chiclets,https://i.scdn.co/image/ab67656300005f1f5eef7255697353e2608d5901
Sports,Insight with Chris Van Vliet,https://i.scdn.co/image/ab67656300005f1ffe5de4d458b43896216d6a0d
Sports,The Mismatch,https://i.scdn.co/image/ab67656300005f1f7657f62df9e24ac0a3aeda1e
Sports,The Ariel Helwani Show,https://i.scdn.co/image/ab67656300005f1fbd53041a39e7dd0ba8d5e6a8
Sports,Games with Names,https://i.scdn.co/image/ab67656300005f1f71429463af56a6770672f0ff
Sports,Dudes on Dudes with Gronk and Jules,https://i.scdn.co/image/ab67656300005f1fc3779980f741f5104739ff5c
Sports,The St. Brown Podcast,https://i.scdn.co/image/ab67656300005f1f3acfb325e221c852725b24a2
Sports,Bussin' With The Boys,https://i.scdn.co/image/ab67656300005f1f310fe15caba80dbbbf577ab5
Sports,Cover 3 College Football,https://i.scdn.co/image/ab67656300005f1f4fd33121901f608c0b90d529
Sports,Glory Daze with Johnny Manziel,https://i.scdn.co/image/ab67656300005f1f1863a0ed0ed473e316861491
Sports,First Take,https://i.scdn.co/image/ab67656300005f1f0487465e1233d23c31ae145b
Sports,Bear Grease,https://i.scdn.co/image/ab67656300005f1f4a161db5c80aa72ab2dabecc
Sports,The Herd with Colin Cowherd,https://i.scdn.co/image/ab67656300005f1fe87ceb9026958a97af77e110
Sports,The Southern Outdoorsmen Hunting Podcast,https://i.scdn.co/image/ab67656300005f1f8192ced512a28af75deb6531
Sports,Go! My Favorite Sports Team,https://i.scdn.co/image/ab67656300005f1f93e7c93129a230c829d4fff3
Sports,The Hunting Public,https://i.scdn.co/image/ab67656300005f1ffc26578a977b3931258566d7
Sports,The Ringer NBA Show,https://i.scdn.co/image/ab67656300005f1fa9f41b5b5be987ca2b278054
Sports,The Dan Le Batard Show with Stugotz,https://i.scdn.co/image/ab67656300005f1f032d1a0d23648ee5f203581f
Sports,Good Guy / Bad Guy,https://i.scdn.co/image/ab67656300005f1f9cf977135898cee40046cbaa
Sports,Numbers on The Board,https://i.scdn.co/image/ab67656300005f1fe3fc5bf3713bdeb1974beeed
Sports,Fantasy Focus Football,https://i.scdn.co/image/ab67656300005f1f9a1fc09a2901068737671193
Sports,Pound 4 Pound with Kamaru Usman & Henry Cejudo,https://i.scdn.co/image/ab67656300005f1fe01d0bfc4083978795903a2d
Sports,Wired To Hunt Podcast,https://i.scdn.co/image/ab67656300005f1f64090b0abf2150dc8188fd70
Sports,Unnecessary Roughness,https://i.scdn.co/image/ab67656300005f1f0908655257cfeb8a392f2f39
Sports,The Ringer Fantasy Football Show,https://i.scdn.co/image/ab67656300005f1f864597906888fec9e9765308
Sports,Brian Windhorst & The Hoop Collective,https://i.scdn.co/image/ab67656300005f1ff864aa900e7efa24e5a38284
Sports,First Things First,https://i.scdn.co/image/ab67656300005f1f0cc75155ae9490e2310290a2
Sports,32 Thoughts: The Podcast,https://i.scdn.co/image/ab67656300005f1f719e8b463de503caa00a8171
Sports,Sports Gambling Podcast,https://i.scdn.co/image/ab67656300005f1fcc0fe9d010c4ee45c773b1c5
Sports,MightyCast w/ Demetrious Johnson,https://i.scdn.co/image/ab67656300005f1fe34ba44ad3ff360369191db7
Technology,Lex Fridman Podcast,https://i.scdn.co/image/ab67656300005f1f563ebb538d297875b10114b7
Technology,"All-In with Chamath, Jason, Sacks & Friedberg",https://i.scdn.co/image/ab67656300005f1ff662927adc2c9d6505e05b51
Technology,Acquired,https://i.scdn.co/image/ab67656300005f1fc1c2aa46984f4d3e46f2f77e
Technology,Panic World,https://i.scdn.co/image/ab67656300005f1faf091bdc912938f8d6c692da
Technology,Jesse Michels,https://i.scdn.co/image/ab67656300005f1f3cbf0920c67ee680ad604b76
Technology,Search Engine,https://i.scdn.co/image/ab67656300005f1f3f67f781482bb29af136dd20
Technology,Darknet Diaries,https://i.scdn.co/image/ab67656300005f1fd27c58dc12f1c25fb933dd86
Technology,BG2Pod with Brad Gerstner and Bill Gurley,https://i.scdn.co/image/ab67656300005f1f0101546a15f4ab3ca4b46eaf
Technology,Lenny's Podcast: Product | Growth | Career,https://i.scdn.co/image/ab67656300005f1ff45f22d94c8aea326e8bf861
Technology,TED Radio Hour,https://i.scdn.co/image/ab67656300005f1f2211fe93859e095af3ad9817
Technology,The AI Daily Brief (Formerly The AI Breakdown): Artificial Intelligence News and Anal‚Ä¶,https://i.scdn.co/image/ab67656300005f1f34f66446f12be0ee6e6c2c1f
Technology,Terms of Service with Clare Duffy,https://i.scdn.co/image/ab67656300005f1ff0dd285a90fbd337937f07fe
Technology,Endless Thread,https://i.scdn.co/image/ab67656300005f1f39f53205e4fbab4d411a73a8
Technology,Dwarkesh Podcast,https://i.scdn.co/image/ab67656300005f1fe2420c45baf783ca4e672ed7
Technology,a16z Podcast,https://i.scdn.co/image/ab67656300005f1f78f87512eb77833447a5c335
Technology,Bankless,https://i.scdn.co/image/ab67656300005f1ff35cff845b11ff9d7d820461
Technology,Deep Questions with Cal Newport,https://i.scdn.co/image/ab67656300005f1fb1f4d0817347d9f269f0ccb4
Technology,The TED AI Show,https://i.scdn.co/image/ab67656300005f1f01fd96af6243c66580cb9ecd
Technology,The Programming Podcast,https://i.scdn.co/image/ab67656300005f1f76c60fa84fe1c3aed3d6cfe3
Technology,Hacked,https://i.scdn.co/image/ab67656300005f1fb527f9d43ec5388c074e90a2
Technology,The Ben & Marc Show,https://i.scdn.co/image/ab67656300005f1fc7c23a6e822b7365435243ab
Technology,Everyday AI Podcast ‚Äì An AI and ChatGPT Podcast,https://i.scdn.co/image/ab67656300005f1f1281860f7bb7d17e9b4c4249
Technology,Power User with Taylor Lorenz,https://i.scdn.co/image/ab67656300005f1f2f0ce23f50d565ae0f0ca9c4
Technology,Tech Won't Save Us,https://i.scdn.co/image/ab67656300005f1f81accd9da6e3528941c95e08
Technology,The Vergecast,https://i.scdn.co/image/ab67656300005f1f8e08d3b0f126c847db80f0a6
Technology,Cryptocurrency for Beginners: with Crypto Casey,https://i.scdn.co/image/ab67656300005f1fa5551a3da62876fab67115f5
Technology,No Priors: Artificial Intelligence | Technology | Startups,https://i.scdn.co/image/ab67656300005f1f908f38a065e33cf0ef6aa2ec
Technology,Better Offline,https://i.scdn.co/image/ab67656300005f1ff2ca2bf9516a08828a4fdaf9
Technology,Y Combinator Startup Podcast,https://i.scdn.co/image/ab67656300005f1f79fbc83dff3315e5a12e325d
Technology,Elon Musk Podcast,https://i.scdn.co/image/ab67656300005f1f56d34ae95821d2a146f88eb4
Technology,Well There‚Äòs Your Problem,https://i.scdn.co/image/ab67656300005f1fa80e676db776b51e14d41465
Technology,The I.T. Career Podcast,https://i.scdn.co/image/ab67656300005f1f5e75685717b6dcf3b4233754
Technology,This Week in Startups,https://i.scdn.co/image/ab67656300005f1f7d3c309f20c20d432d1ea755
Technology,Waveform: The MKBHD Podcast,https://i.scdn.co/image/ab67656300005f1fa05ac56dbc44378f45ef693a
Technology,The Pragmatic Engineer,https://i.scdn.co/image/ab67656300005f1f344bbe0b4169100d300d3406
Technology,Thinking Crypto News & Interviews,https://i.scdn.co/image/ab67656300005f1f9402bd583a0f4bbb6eadec1e
Technology,Freethink,https://i.scdn.co/image/ab67656300005f1fd6a020af81abbaf8920e8f78
Technology,The Logan Bartlett Show,https://i.scdn.co/image/ab67656300005f1f5e470c41bba547f0c0804d9e
Technology,Shell Game,https://i.scdn.co/image/ab67656300005f1ffbb9ecb71d11e919b84e78cb
Technology,Reply All,https://i.scdn.co/image/ab67656300005f1fb8d998a58b08ab9eca2c1b11
Technology,Mrwhosetheboss,https://i.scdn.co/image/ab67656300005f1fa2c6efddeac5d1952235e23d
Technology,Lightcone Podcast,https://i.scdn.co/image/ab67656300005f1f3b1584f61d658d8c29f12b76
Technology,The Flycast,https://i.scdn.co/image/ab67656300005f1f586901a2a2112512aab99a80
Technology,WSJ‚Äôs The Future of Everything,https://i.scdn.co/image/ab67656300005f1f42b3202b3ba3862eb4348996
Technology,Stratechery,https://i.scdn.co/image/ab67656300005f1f25ffb53a6a1f9e7ae7f99fbc
Technology,CompTIA Security+ 701 Exam Course,https://i.scdn.co/image/ab67656300005f1f304eaa7f362deb980f30b755
Technology,Cybersecurity Simplified,https://i.scdn.co/image/ab67656300005f1fefd424539e16fa34e7ac663c
Technology,Security Now (Audio),https://i.scdn.co/image/ab67656300005f1f3a3da24cc8faefac6bac4e81
Technology,Uncanny Valley | WIRED,https://i.scdn.co/image/ab67656300005f1fca3a6d5c290d4ca49b1823bb
Technology,A Beginner's Guide to AI,https://i.scdn.co/image/ab67656300005f1f5e7efd38383fde84789163fd
True Crime,Crime Junkie,https://i.scdn.co/image/ab67656300005f1fbe2cc3efd92b817b54d9bcb2
True Crime,Rotten Mango,https://i.scdn.co/image/ab67656300005f1f099a357ed0a2a39424f2903d
True Crime,"MrBallen Podcast: Strange, Dark & Mysterious Stories",https://i.scdn.co/image/ab67656300005f1fbb1a6035aba5f0bf498671fe
True Crime,Lords of Death,https://i.scdn.co/image/ab67656300005f1feb97ab2c1e55c63a58e13821
True Crime,"Crime, Conspiracy, Cults and Murder",https://i.scdn.co/image/ab67656300005f1f5af0979f5639bfba5aa62ad7
True Crime,Morbid,https://i.scdn.co/image/ab67656300005f1fe30934434e51693b11e4aa07
True Crime,CounterClock,https://i.scdn.co/image/ab67656300005f1f897479a97c0ceb498258a709
True Crime,Serial Killers,https://i.scdn.co/image/ab67656300005f1fc7f3cd09e8bdef2faf400d1a
True Crime,Murder: True Crime Stories,https://i.scdn.co/image/ab67656300005f1f2f64ee154ecede63e8425fd0
True Crime,Murder In America,https://i.scdn.co/image/ab67656300005f1fb63fe8290533b1df12a4e2d7
True Crime,Someone Knows Something,https://i.scdn.co/image/ab67656300005f1f9fd4e9c7baf5cc24a5691337
True Crime,Radioactive: The Karen Silkwood Mystery,https://i.scdn.co/image/ab67656300005f1f015f8f5adc1bc66e90dc47dd
True Crime,Dateline NBC,https://i.scdn.co/image/ab67656300005f1f7078b2a29d4c74521970b24d
True Crime,Lights Out,https://i.scdn.co/image/ab67656300005f1f2a607869e9704a8d71a6ed47
True Crime,MrBallen‚Äôs Medical Mysteries,https://i.scdn.co/image/ab67656300005f1fb41da67f224481b10c2e570c
True Crime,"Murder, Mystery & Makeup",https://i.scdn.co/image/ab67656300005f1fbeb61ac0b652ceae272903eb
True Crime,20/20,https://i.scdn.co/image/ab67656300005f1f3d5cbec8a73665816579af1e
True Crime,Mind of a Serial Killer,https://i.scdn.co/image/ab67656300005f1f110e9e40b5756da448d691c0
True Crime,Rotten Mango Video,https://i.scdn.co/image/ab67656300005f1fd479767335352837d5da5e48
True Crime,"Heart Starts Pounding: Horrors, Hauntings and Mysteries",https://i.scdn.co/image/ab67656300005f1f59386c24962643ca8a7b23e3
True Crime,Kill List,https://i.scdn.co/image/ab67656300005f1f5b09fabd2cf62e35411faa7d
True Crime,Last Podcast On The Left,https://i.scdn.co/image/ab67656300005f1fa8e9391b6707168dbc6c5c18
True Crime,True Crime with Kendall Rae,https://i.scdn.co/image/ab67656300005f1f02654112bc89134ac24bce6c
True Crime,Murder With My Husband,https://i.scdn.co/image/ab67656300005f1ffc9f178b6d87aa228a9c191c
True Crime,My Favorite Murder with Karen Kilgariff and Georgia Hardstark,https://i.scdn.co/image/ab67656300005f1fbd026962eada3d8a74767793
True Crime,Gone South,https://i.scdn.co/image/ab67656300005f1fbba5a3a33b444dbcb8a818b1
True Crime,Serialously with Annie Elise,https://i.scdn.co/image/ab67656300005f1f40c2794693e25157184dad47
True Crime,Unseen,https://i.scdn.co/image/ab67656300005f1fdb9e1981817dd6a4c4612457
True Crime,The Conspiracy Files,https://i.scdn.co/image/ab67656300005f1f68e6b625e00ea30d898db979
True Crime,Sword and Scale,https://i.scdn.co/image/ab67656300005f1f4c356fc76f5976a2e500efd9
True Crime,48 Hours,https://i.scdn.co/image/ab67656300005f1f6c6ca2f5ceb47fe3183c8aee
True Crime,Park Predators,https://i.scdn.co/image/ab67656300005f1f0824f5ca67f639c57e346aeb
True Crime,The Deck Investigates,https://i.scdn.co/image/ab67656300005f1fd4172a9bc5b8aab367ac8aeb
True Crime,Bedtime Stories,https://i.scdn.co/image/ab67656300005f1fc18ad56304b6d18a996a3eed
True Crime,Something Was Wrong,https://i.scdn.co/image/ab67656300005f1f6a65229cf04d2450493ee9f8
True Crime,Silkwood,https://i.scdn.co/image/ab67656300005f1f71cf3ebffe057f9af5e17a2a
True Crime,Scared To Death,https://i.scdn.co/image/ab67656300005f1fcd52de17f04b1a614b56940f
True Crime,National Park After Dark,https://i.scdn.co/image/ab67656300005f1f7016d438c8afe3ab43edee4b
True Crime,The Connect- with Johnny Mitchell,https://i.scdn.co/image/ab67656300005f1f172374d200e8460016152b10
True Crime,Sistas Who Kill: A True Crime Podcast,https://i.scdn.co/image/ab67656300005f1f6f5eee37b17068ac452c6d39
True Crime,Casefile True Crime,https://i.scdn.co/image/ab67656300005f1f0eb6993d6ab27d04339a4ebf
True Crime,Just Creepy: Scary Stories,https://i.scdn.co/image/ab67656300005f1fb982a02c848245f96916211d
True Crime,The Deck,https://i.scdn.co/image/ab67656300005f1f0ff1e66cb111bf525b2a3cbf
True Crime,The Man in the Black Mask,https://i.scdn.co/image/ab67656300005f1f00fa2d2a313b2f1f2d5d1305
True Crime,48 Hours: NCIS,https://i.scdn.co/image/ab67656300005f1fbe883baa7b3ba8a8a099f607
True Crime,Mr Nightmare Podcast,https://i.scdn.co/image/ab67656300005f1f8b3549d06152ff0677962195
True Crime,Mile Higher,https://i.scdn.co/image/ab67656300005f1f6403f8f451de2d940ff5981d
True Crime,Scamanda,https://i.scdn.co/image/ab67656300005f1f139c6f701763196d8bdfbf38
True Crime,Dateline Originals,https://i.scdn.co/image/ab67656300005f1fb23b97c431112ad593c7a80d
True Crime,Two Girls One Ghost,https://i.scdn.co/image/ab67656300005f1fc810be8cde3216e58ea8e3bd
TV & Film,The Official Dune: Prophecy Podcast,https://i.scdn.co/image/ab67656300005f1f1768f13231ba46a1ef280f05
TV & Film,Sidebar: A Suits Watch Podcast,https://i.scdn.co/image/ab67656300005f1f6dea3965935eb6c95bb553ce
TV & Film,The Rewatchables,https://i.scdn.co/image/ab67656300005f1f5716c83daaf07d822d1414f4
TV & Film,Farid Dieck | Relatos y ReflexionesüçÉ,https://i.scdn.co/image/ab67656300005f1fb508d65101fe4e491416db4f
TV & Film,On Fire with Jeff Probst: The Official Survivor Podcast,https://i.scdn.co/image/ab67656300005f1fba464c4ff8a19aacdefc7a87
TV & Film,That Was Us,https://i.scdn.co/image/ab67656300005f1f0f537b847764351ada771f0c
TV & Film,WHAT WENT WRONG,https://i.scdn.co/image/ab67656300005f1fe1b30afc3ff04b319721eb79
TV & Film,The Big Picture,https://i.scdn.co/image/ab67656300005f1f3d5dc862b21dd84675c430e5
TV & Film,My Diary Animated Official,https://i.scdn.co/image/ab67656300005f1f2cc24fbe4a0a4c5b7c57f52f
TV & Film,The Official Yellowstone Podcast,https://i.scdn.co/image/ab67656300005f1f2c61acba27a5e1821403af47
TV & Film,Watch What Crappens,https://i.scdn.co/image/ab67656300005f1f3453cd812860364d21881f87
TV & Film,The Adam Friedland Show Podcast,https://i.scdn.co/image/ab67656300005f1f9b030e786e16e4e6c676b352
TV & Film,Drama Queens,https://i.scdn.co/image/ab67656300005f1ff7eb452af20c304d188764b6
TV & Film,Bravo's Hot Mic,https://i.scdn.co/image/ab67656300005f1f88f38cf792fc12e6e9bed268
TV & Film,Pop Culture Happy Hour,https://i.scdn.co/image/ab67656300005f1f813b3e607011fb1c2a65cbb1
TV & Film,The Tell All,https://i.scdn.co/image/ab67656300005f1f76f629a9ce32c9a11dcbf246
TV & Film,Til Death Do Us Blart,https://i.scdn.co/image/ab67656300005f1fe98d9dd69e95e18baf2de8be
TV & Film,Talking Pictures,https://i.scdn.co/image/ab67656300005f1f35f33aab09be1dd645b28fbe
TV & Film,The Mess Around with Hannah and Lamorne,https://i.scdn.co/image/ab67656300005f1f1eb5a4d8cc46a00c8548aabc
TV & Film,"The OC, Again",https://i.scdn.co/image/ab67656300005f1fab7e2e6f9cde8be9622afb41
TV & Film,Pod Meets World,https://i.scdn.co/image/ab67656300005f1f8e9a10d3f0857de113e6c463
TV & Film,House of R,https://i.scdn.co/image/ab67656300005f1fba68986c68ab37dc1b26bbc8
TV & Film,Boneheads with Emily Deschanel and Carla Gallo,https://i.scdn.co/image/ab67656300005f1fa8af8528d5b174db3ee9d3fc
TV & Film,Blank Check with Griffin & David,https://i.scdn.co/image/ab67656300005f1f103e4d4512765982a3165620
TV & Film,Dead Meat Podcast,https://i.scdn.co/image/ab67656300005f1fc15bb9dad5cfb9b3c01a4ca5
TV & Film,Film Theory,https://i.scdn.co/image/ab67656300005f1fbea6338ea1e5a28d4e5906ac
TV & Film,Two Ts In A Pod with Teddi Mellencamp and Tamra Judge,https://i.scdn.co/image/ab67656300005f1fa1a8cb8315f6fa4feaa20a37
TV & Film,"The Hello, Sidney Podcast",https://i.scdn.co/image/ab67656300005f1fdda5d94679a7dace6efe1a6f
TV & Film,Bob's Burgers,https://i.scdn.co/image/ab67656300005f1f215c5ef4da5b55aa3d858a2a
TV & Film,The Watch,https://i.scdn.co/image/ab67656300005f1fff7d6911e76aaf3228ddb99d
TV & Film,Sister Wives: Love Should Be Multiplied Not Divided,https://i.scdn.co/image/ab67656300005f1f3990896facfb0e3b2d358065
TV & Film,Wild Ride! with Steve-O,https://i.scdn.co/image/ab67656300005f1f97b5af37102384c243f3bb1e
TV & Film,And That's What You REALLY Missed,https://i.scdn.co/image/ab67656300005f1f6d0fcfd3cf406c63aa1b78ea
TV & Film,Back to the Barre,https://i.scdn.co/image/ab67656300005f1f5405924615d1ca7b7046183a
TV & Film,The Ringer Reality TV Podcast,https://i.scdn.co/image/ab67656300005f1fbdc90f3079c56b5f55258b90
TV & Film,Gilmore To Say: A Gilmore Girls Podcast,https://i.scdn.co/image/ab67656300005f1f9e3cad8e89e6f3e29b485de8
TV & Film,Give Them Lala,https://i.scdn.co/image/ab67656300005f1f59df6d79f9e642e1d4347016
TV & Film,The People‚Äôs Court Podcast,https://i.scdn.co/image/ab67656300005f1ff3092d82f0adf458e0867900
TV & Film,Inside of You with Michael Rosenbaum,https://i.scdn.co/image/ab67656300005f1f94d49f9ea514d60886c38d0c
TV & Film,VERY DELTA with Delta Work,https://i.scdn.co/image/ab67656300005f1f941664a6d954374aea0d941a
TV & Film,La Entrevista con Yordi Rosado,https://i.scdn.co/image/ab67656300005f1f13b8eec3c132bd3255a0747b
TV & Film,Beyond The Blinds,https://i.scdn.co/image/ab67656300005f1f39b2f4175c2885d3630efc1f
TV & Film,I Am All In with Scott Patterson,https://i.scdn.co/image/ab67656300005f1f39787a89ce2c11a92b2f2739
TV & Film,Bad Movies & A Beat,https://i.scdn.co/image/ab67656300005f1f44003fe203d26bc43bef3652
TV & Film,Off Duty: An NCIS Rewatch,https://i.scdn.co/image/ab67656300005f1f59d5323bd7110e978868d9bc
TV & Film,Digging Up the Duggars,https://i.scdn.co/image/ab67656300005f1f26c8fa9f7ebc2c45855acff0
TV & Film,Unspooled,https://i.scdn.co/image/ab67656300005f1f1e948a073ff3c0ff9a02a0f8
TV & Film,BravBros,https://i.scdn.co/image/ab67656300005f1f9a72e37e1eceb31220a67caf
TV & Film,The Ringer-Verse,https://i.scdn.co/image/ab67656300005f1f5ed52415d943709acba4966e
TV & Film,Not Skinny But Not Fat,https://i.scdn.co/image/ab67656300005f1fb9ebe1dced22a0ec634da5be
